activity_id,user_id,hotel_id,is_bookmark,is_watching
a0001,u0545,h1013,1,0
a0002,u0680,h1019,0,1
a0003,u0129,h1002,1,0
a0004,u0967,h1016,0,1
a0005,u0196,h1021,1,0
a0006,u0400,h1006,1,0
a0007,u0207,h1005,1,0
a0008,u0017,h1020,1,0
a0009,u0649,h1015,0,1
a0010,u0234,h1017,0,1
a0011,u0311,h1014,1,0
a0012,u0051,h1006,1,0
a0013,u0594,h1002,0,1
a0014,u0263,h1007,0,1
a0015,u0940,h1011,0,1
a0016,u0956,h1016,1,0
a0017,u0398,h1008,0,1
a0018,u0025,h1015,0,1
a0019,u0624,h1019,0,1
a0020,u0404,h1002,0,1
a0021,u0585,h1020,0,1
a0022,u0207,h1020,0,1
a0023,u0328,h1006,0,1
a0024,u0265,h1021,0,1
a0025,u0626,h1013,0,1
a0026,u0993,h1009,1,0
a0027,u0268,h1015,0,1
a0028,u0213,h1003,0,1
a0029,u0319,h1021,0,1
a0030,u0976,h1017,0,1
a0031,u0499,h1023,0,1
a0032,u0917,h1002,0,1
a0033,u0448,h1004,0,1
a0034,u0219,h1020,0,1
a0035,u0283,h1023,0,1
a0036,u0668,h1010,1,0
a0037,u0325,h1013,0,1
a0038,u0635,h1010,1,0
a0039,u0641,h1017,0,1
a0040,u0243,h1020,1,0
a0041,u0497,h1006,1,0
a0042,u0097,h1015,0,1
a0043,u0806,h1009,0,1
a0044,u0579,h1012,0,1
a0045,u0269,h1011,0,1
a0046,u0841,h1005,1,0
a0047,u0057,h1001,1,0
a0048,u0148,h1001,1,0
a0049,u0974,h1017,1,0
a0050,u0066,h1015,1,0
a0051,u0913,h1018,0,1
a0052,u0102,h1004,0,1
a0053,u0838,h1012,0,1
a0054,u0816,h1017,1,0
a0055,u0967,h1023,0,1
a0056,u0383,h1023,0,1
a0057,u0631,h1013,0,1
a0058,u0816,h1018,1,0
a0059,u0086,h1016,0,1
a0060,u0485,h1015,0,1
a0061,u0382,h1011,0,1
a0062,u0107,h1012,0,1
a0063,u0332,h1006,0,1
a0064,u0551,h1003,1,0
a0065,u0119,h1008,0,1
a0066,u0193,h1002,0,1
a0067,u0150,h1011,0,1
a0068,u0050,h1017,0,1
a0069,u0693,h1017,0,1
a0070,u0709,h1011,0,1
a0071,u0094,h1002,0,1
a0072,u0335,h1008,1,0
a0073,u0197,h1013,0,1
a0074,u0693,h1015,1,0
a0075,u0261,h1021,0,1
a0076,u0346,h1003,0,1
a0077,u0082,h1020,0,1
a0078,u0628,h1018,0,1
a0079,u0839,h1011,0,1
a0080,u0328,h1016,0,1
a0081,u0630,h1019,0,1
a0082,u0852,h1014,1,0
a0083,u0463,h1010,1,0
a0084,u0762,h1021,0,1
a0085,u0888,h1008,0,1
a0086,u0067,h1010,0,1
a0087,u0626,h1004,0,1
a0088,u0516,h1010,1,0
a0089,u0965,h1022,1,0
a0090,u0289,h1013,0,1
a0091,u0582,h1006,0,1
a0092,u0333,h1003,0,1
a0093,u0331,h1004,1,0
a0094,u0345,h1016,1,0
a0095,u0299,h1010,0,1
a0096,u0724,h1004,0,1
a0097,u0387,h1003,1,0
a0098,u0950,h1017,0,1
a0099,u0850,h1015,0,1
a0100,u0002,h1005,0,1
a0101,u0764,h1008,1,0
a0102,u0492,h1009,0,1
a0103,u0914,h1016,0,1
a0104,u0566,h1013,0,1
a0105,u0048,h1004,1,0
a0106,u0918,h1017,0,1
a0107,u0519,h1015,0,1
a0108,u0666,h1001,0,1
a0109,u0704,h1006,1,0
a0110,u0716,h1011,0,1
a0111,u0820,h1005,0,1
a0112,u0396,h1001,0,1
a0113,u0132,h1016,1,0
a0114,u0072,h1019,0,1
a0115,u0338,h1011,0,1
a0116,u0522,h1014,0,1
a0117,u0275,h1014,1,0
a0118,u0206,h1009,0,1
a0119,u0245,h1013,0,1
a0120,u0948,h1017,1,0
a0121,u0539,h1016,1,0
a0122,u0963,h1005,0,1
a0123,u0031,h1010,1,0
a0124,u0413,h1011,0,1
a0125,u0311,h1021,1,0
a0126,u0473,h1019,1,0
a0127,u0736,h1015,1,0
a0128,u0109,h1018,0,1
a0129,u0532,h1005,1,0
a0130,u0261,h1004,1,0
a0131,u0297,h1008,1,0
a0132,u0379,h1013,0,1
a0133,u0444,h1003,0,1
a0134,u0354,h1012,0,1
a0135,u0527,h1002,1,0
a0136,u0003,h1001,0,1
a0137,u0462,h1007,0,1
a0138,u0325,h1008,0,1
a0139,u0243,h1019,1,0
a0140,u0260,h1023,0,1
a0141,u0031,h1019,0,1
a0142,u0015,h1010,1,0
a0143,u0894,h1023,0,1
a0144,u0748,h1002,1,0
a0145,u0201,h1004,1,0
a0146,u0625,h1003,0,1
a0147,u0167,h1021,0,1
a0148,u0138,h1011,0,1
a0149,u0088,h1005,0,1
a0150,u0019,h1004,0,1
a0151,u0192,h1020,0,1
a0152,u0969,h1012,0,1
a0153,u0029,h1018,1,0
a0154,u0984,h1003,0,1
a0155,u0933,h1011,0,1
a0156,u0701,h1002,0,1
a0157,u0105,h1023,0,1
a0158,u0162,h1015,0,1
a0159,u0886,h1016,1,0
a0160,u0173,h1023,0,1
a0161,u0006,h1011,0,1
a0162,u0299,h1011,0,1
a0163,u0892,h1019,0,1
a0164,u0178,h1003,0,1
a0165,u0727,h1019,0,1
a0166,u0006,h1012,1,0
a0167,u0505,h1023,1,0
a0168,u0678,h1023,0,1
a0169,u0051,h1012,0,1
a0170,u0465,h1023,0,1
a0171,u0559,h1020,0,1
a0172,u0217,h1020,0,1
a0173,u0345,h1005,0,1
a0174,u0269,h1001,1,0
a0175,u0498,h1003,0,1
a0176,u0393,h1004,0,1
a0177,u0280,h1020,0,1
a0178,u0690,h1006,0,1
a0179,u0183,h1012,0,1
a0180,u0059,h1003,0,1
a0181,u0730,h1013,0,1
a0182,u0742,h1002,1,0
a0183,u0876,h1023,0,1
a0184,u0813,h1003,0,1
a0185,u0468,h1009,0,1
a0186,u0364,h1020,1,0
a0187,u0830,h1001,0,1
a0188,u0603,h1020,1,0
a0189,u0427,h1001,0,1
a0190,u0695,h1010,0,1
a0191,u0839,h1020,1,0
a0192,u0841,h1004,0,1
a0193,u0173,h1022,0,1
a0194,u0383,h1008,0,1
a0195,u0167,h1022,0,1
a0196,u0492,h1022,0,1
a0197,u0268,h1023,1,0
a0198,u0251,h1001,0,1
a0199,u0132,h1019,0,1
a0200,u0646,h1002,0,1
a0201,u0163,h1004,0,1
a0202,u0601,h1018,0,1
a0203,u0026,h1022,1,0
a0204,u0966,h1016,0,1
a0205,u0902,h1006,0,1
a0206,u0207,h1009,0,1
a0207,u0655,h1021,0,1
a0208,u0002,h1015,0,1
a0209,u0451,h1017,1,0
a0210,u0924,h1009,0,1
a0211,u0885,h1023,1,0
a0212,u0945,h1001,0,1
a0213,u0474,h1003,1,0
a0214,u0478,h1019,1,0
a0215,u0769,h1021,0,1
a0216,u0646,h1020,1,0
a0217,u0168,h1004,1,0
a0218,u0351,h1011,0,1
a0219,u0378,h1011,1,0
a0220,u0625,h1008,1,0
a0221,u0976,h1013,0,1
a0222,u0987,h1001,0,1
a0223,u0982,h1009,0,1
a0224,u0537,h1016,0,1
a0225,u0617,h1014,0,1
a0226,u0024,h1017,1,0
a0227,u0908,h1008,1,0
a0228,u0892,h1006,1,0
a0229,u0691,h1015,1,0
a0230,u0432,h1018,1,0
a0231,u0744,h1017,1,0
a0232,u0480,h1002,0,1
a0233,u0099,h1004,0,1
a0234,u0499,h1004,0,1
a0235,u0915,h1005,0,1
a0236,u0102,h1019,0,1
a0237,u0161,h1022,0,1
a0238,u0440,h1022,0,1
a0239,u0365,h1023,0,1
a0240,u0548,h1006,0,1
a0241,u0972,h1003,0,1
a0242,u0213,h1016,1,0
a0243,u0590,h1010,0,1
a0244,u0363,h1012,1,0
a0245,u0051,h1022,0,1
a0246,u0579,h1013,1,0
a0247,u0146,h1014,0,1
a0248,u0173,h1014,0,1
a0249,u0025,h1008,0,1
a0250,u0587,h1003,0,1
a0251,u0207,h1014,0,1
a0252,u0856,h1007,0,1
a0253,u0145,h1014,0,1
a0254,u0639,h1011,1,0
a0255,u0735,h1020,0,1
a0256,u0689,h1017,1,0
a0257,u0379,h1020,0,1
a0258,u0366,h1022,0,1
a0259,u0350,h1003,0,1
a0260,u0639,h1004,0,1
a0261,u0190,h1013,1,0
a0262,u0701,h1022,0,1
a0263,u0094,h1004,1,0
a0264,u0575,h1001,0,1
a0265,u0815,h1012,1,0
a0266,u0150,h1003,1,0
a0267,u0332,h1009,0,1
a0268,u0052,h1009,1,0
a0269,u0874,h1016,1,0
a0270,u0908,h1005,0,1
a0271,u0009,h1016,0,1
a0272,u0075,h1010,0,1
a0273,u0372,h1016,1,0
a0274,u0463,h1014,0,1
a0275,u0020,h1010,0,1
a0276,u0700,h1010,0,1
a0277,u0431,h1012,0,1
a0278,u0342,h1019,1,0
a0279,u0890,h1016,0,1
a0280,u0630,h1008,1,0
a0281,u0324,h1015,0,1
a0282,u0725,h1007,0,1
a0283,u0677,h1007,1,0
a0284,u0380,h1023,1,0
a0285,u0765,h1023,1,0
a0286,u0398,h1020,0,1
a0287,u0570,h1017,0,1
a0288,u0385,h1009,0,1
a0289,u0134,h1008,0,1
a0290,u0917,h1019,0,1
a0291,u0550,h1011,1,0
a0292,u0286,h1022,0,1
a0293,u0360,h1014,0,1
a0294,u0646,h1010,0,1
a0295,u0040,h1018,1,0
a0296,u0869,h1012,0,1
a0297,u0778,h1009,1,0
a0298,u0236,h1016,0,1
a0299,u0414,h1012,0,1
a0300,u0639,h1006,0,1
a0301,u0259,h1010,0,1
a0302,u0710,h1010,1,0
a0303,u0108,h1012,0,1
a0304,u0129,h1018,1,0
a0305,u0695,h1022,0,1
a0306,u0838,h1014,1,0
a0307,u0841,h1023,0,1
a0308,u0904,h1016,0,1
a0309,u0018,h1015,1,0
a0310,u0515,h1006,0,1
a0311,u0515,h1020,0,1
a0312,u0704,h1003,0,1
a0313,u0505,h1013,1,0
a0314,u0406,h1017,1,0
a0315,u0631,h1021,1,0
a0316,u0912,h1022,0,1
a0317,u0857,h1001,1,0
a0318,u0465,h1004,0,1
a0319,u0953,h1017,0,1
a0320,u0082,h1008,1,0
a0321,u0683,h1002,1,0
a0322,u0936,h1020,0,1
a0323,u0226,h1014,0,1
a0324,u0329,h1019,0,1
a0325,u0191,h1013,0,1
a0326,u0164,h1012,0,1
a0327,u0434,h1012,1,0
a0328,u0556,h1020,0,1
a0329,u0346,h1008,1,0
a0330,u0660,h1003,0,1
a0331,u0756,h1022,0,1
a0332,u0897,h1007,0,1
a0333,u0548,h1004,0,1
a0334,u0431,h1004,0,1
a0335,u0753,h1018,0,1
a0336,u0865,h1008,1,0
a0337,u0894,h1010,0,1
a0338,u0278,h1022,0,1
a0339,u0456,h1014,0,1
a0340,u0701,h1005,1,0
a0341,u0699,h1006,0,1
a0342,u0110,h1001,1,0
a0343,u0926,h1019,0,1
a0344,u0252,h1018,0,1
a0345,u0091,h1010,1,0
a0346,u0335,h1012,0,1
a0347,u0144,h1002,0,1
a0348,u0764,h1004,1,0
a0349,u0708,h1005,0,1
a0350,u0153,h1017,0,1
a0351,u0487,h1019,0,1
a0352,u0371,h1016,0,1
a0353,u0530,h1006,0,1
a0354,u0496,h1012,0,1
a0355,u0992,h1010,0,1
a0356,u0794,h1001,0,1
a0357,u0204,h1010,0,1
a0358,u0005,h1008,0,1
a0359,u0994,h1013,1,0
a0360,u0067,h1008,1,0
a0361,u0575,h1007,1,0
a0362,u0087,h1001,0,1
a0363,u0899,h1021,0,1
a0364,u0993,h1020,1,0
a0365,u0853,h1011,1,0
a0366,u0472,h1014,1,0
a0367,u0129,h1007,0,1
a0368,u0457,h1021,1,0
a0369,u0173,h1001,0,1
a0370,u0768,h1007,0,1
a0371,u0505,h1005,1,0
a0372,u0388,h1010,1,0
a0373,u0145,h1009,0,1
a0374,u0123,h1013,0,1
a0375,u0971,h1007,0,1
a0376,u0770,h1018,0,1
a0377,u0106,h1017,0,1
a0378,u0041,h1010,1,0
a0379,u0479,h1007,1,0
a0380,u0672,h1008,0,1
a0381,u0995,h1011,1,0
a0382,u0465,h1006,0,1
a0383,u0254,h1006,1,0
a0384,u0495,h1002,0,1
a0385,u0665,h1017,0,1
a0386,u0631,h1002,0,1
a0387,u0168,h1017,1,0
a0388,u0856,h1020,1,0
a0389,u0921,h1005,0,1
a0390,u0660,h1013,0,1
a0391,u0091,h1023,0,1
a0392,u0003,h1004,1,0
a0393,u0121,h1007,1,0
a0394,u0783,h1016,1,0
a0395,u0219,h1003,0,1
a0396,u0892,h1014,1,0
a0397,u0434,h1003,1,0
a0398,u0213,h1012,1,0
a0399,u0369,h1021,1,0
a0400,u0886,h1003,0,1
a0401,u0669,h1022,0,1
a0402,u0147,h1003,0,1
a0403,u0574,h1016,0,1
a0404,u0150,h1007,0,1
a0405,u0180,h1003,0,1
a0406,u0110,h1022,1,0
a0407,u0843,h1011,1,0
a0408,u0398,h1006,0,1
a0409,u0379,h1001,0,1
a0410,u0288,h1008,1,0
a0411,u0785,h1008,1,0
a0412,u0991,h1021,1,0
a0413,u0275,h1010,0,1
a0414,u0765,h1010,0,1
a0415,u0943,h1021,0,1
a0416,u0505,h1004,0,1
a0417,u0200,h1004,0,1
a0418,u0066,h1019,0,1
a0419,u0886,h1010,1,0
a0420,u0472,h1003,0,1
a0421,u0095,h1020,1,0
a0422,u0387,h1018,0,1
a0423,u0932,h1022,0,1
a0424,u0813,h1020,1,0
a0425,u0312,h1009,0,1
a0426,u0623,h1007,0,1
a0427,u0341,h1012,1,0
a0428,u0963,h1006,0,1
a0429,u0013,h1015,0,1
a0430,u0972,h1018,1,0
a0431,u0840,h1009,0,1
a0432,u0330,h1017,0,1
a0433,u0171,h1021,1,0
a0434,u0919,h1007,0,1
a0435,u0021,h1009,0,1
a0436,u0492,h1019,0,1
a0437,u0085,h1002,0,1
a0438,u0855,h1014,1,0
a0439,u0222,h1013,1,0
a0440,u0822,h1020,0,1
a0441,u0316,h1007,1,0
a0442,u0598,h1003,1,0
a0443,u0696,h1002,0,1
a0444,u0803,h1019,0,1
a0445,u0446,h1007,0,1
a0446,u0334,h1009,0,1
a0447,u0799,h1002,0,1
a0448,u0956,h1022,0,1
a0449,u0223,h1003,0,1
a0450,u0525,h1005,1,0
a0451,u0359,h1016,0,1
a0452,u0052,h1020,0,1
a0453,u0360,h1016,0,1
a0454,u0336,h1009,0,1
a0455,u0559,h1023,0,1
a0456,u0842,h1008,1,0
a0457,u0322,h1014,1,0
a0458,u0987,h1023,1,0
a0459,u0845,h1020,0,1
a0460,u0131,h1003,0,1
a0461,u0455,h1022,0,1
a0462,u0293,h1002,0,1
a0463,u0590,h1003,1,0
a0464,u0515,h1006,0,1
a0465,u0687,h1019,0,1
a0466,u0415,h1012,0,1
a0467,u0242,h1004,0,1
a0468,u0302,h1019,0,1
a0469,u0429,h1021,1,0
a0470,u0707,h1012,0,1
a0471,u0262,h1023,0,1
a0472,u0554,h1022,0,1
a0473,u0863,h1015,0,1
a0474,u0767,h1017,0,1
a0475,u0902,h1009,1,0
a0476,u0627,h1003,0,1
a0477,u0988,h1018,0,1
a0478,u0596,h1009,0,1
a0479,u0733,h1017,0,1
a0480,u0396,h1017,1,0
a0481,u0711,h1022,0,1
a0482,u0308,h1004,0,1
a0483,u0538,h1006,0,1
a0484,u0193,h1008,0,1
a0485,u0367,h1004,0,1
a0486,u0092,h1012,1,0
a0487,u0076,h1017,0,1
a0488,u0967,h1017,0,1
a0489,u0005,h1003,0,1
a0490,u0291,h1022,1,0
a0491,u0624,h1011,0,1
a0492,u0288,h1001,1,0
a0493,u0203,h1006,0,1
a0494,u0709,h1022,0,1
a0495,u0437,h1015,0,1
a0496,u0490,h1007,0,1
a0497,u0136,h1011,0,1
a0498,u0899,h1013,1,0
a0499,u0921,h1021,0,1
a0500,u0178,h1003,0,1
a0501,u0694,h1021,0,1
a0502,u0673,h1023,0,1
a0503,u0236,h1022,1,0
a0504,u0369,h1010,0,1
a0505,u0970,h1002,0,1
a0506,u0724,h1022,0,1
a0507,u0897,h1003,0,1
a0508,u0076,h1023,0,1
a0509,u0180,h1017,0,1
a0510,u0684,h1015,0,1
a0511,u0224,h1004,0,1
a0512,u0661,h1018,0,1
a0513,u0696,h1017,1,0
a0514,u0723,h1014,0,1
a0515,u0184,h1016,0,1
a0516,u0419,h1006,1,0
a0517,u0799,h1003,0,1
a0518,u0989,h1003,0,1
a0519,u0181,h1004,0,1
a0520,u0568,h1001,0,1
a0521,u0346,h1019,1,0
a0522,u0814,h1022,1,0
a0523,u0650,h1005,1,0
a0524,u0594,h1021,0,1
a0525,u0920,h1022,0,1
a0526,u0887,h1006,0,1
a0527,u0571,h1004,1,0
a0528,u0268,h1013,0,1
a0529,u0840,h1015,0,1
a0530,u0989,h1020,1,0
a0531,u0552,h1003,0,1
a0532,u0083,h1014,0,1
a0533,u0560,h1005,0,1
a0534,u0031,h1001,0,1
a0535,u0907,h1014,0,1
a0536,u0211,h1020,1,0
a0537,u0115,h1023,0,1
a0538,u0355,h1017,1,0
a0539,u0443,h1008,1,0
a0540,u0158,h1018,0,1
a0541,u0685,h1017,0,1
a0542,u0331,h1013,0,1
a0543,u0306,h1020,0,1
a0544,u0915,h1009,1,0
a0545,u0012,h1014,0,1
a0546,u0142,h1003,0,1
a0547,u0751,h1010,1,0
a0548,u0125,h1014,0,1
a0549,u0715,h1006,1,0
a0550,u0702,h1007,1,0
a0551,u0769,h1009,0,1
a0552,u0951,h1018,0,1
a0553,u0170,h1010,0,1
a0554,u0628,h1014,0,1
a0555,u0958,h1012,0,1
a0556,u0304,h1001,0,1
a0557,u0309,h1003,1,0
a0558,u0570,h1006,0,1
a0559,u0831,h1010,1,0
a0560,u0906,h1004,0,1
a0561,u0134,h1020,0,1
a0562,u0417,h1009,0,1
a0563,u0311,h1011,0,1
a0564,u0058,h1009,0,1
a0565,u0796,h1008,1,0
a0566,u0267,h1020,0,1
a0567,u0082,h1022,0,1
a0568,u0836,h1002,0,1
a0569,u0277,h1007,0,1
a0570,u0798,h1001,0,1
a0571,u0314,h1021,0,1
a0572,u0208,h1017,0,1
a0573,u0363,h1002,1,0
a0574,u0254,h1007,1,0
a0575,u0162,h1023,0,1
a0576,u0460,h1011,0,1
a0577,u0914,h1011,0,1
a0578,u0803,h1013,0,1
a0579,u0333,h1017,1,0
a0580,u0443,h1006,1,0
a0581,u0230,h1004,0,1
a0582,u0426,h1004,1,0
a0583,u0202,h1022,1,0
a0584,u0947,h1019,0,1
a0585,u0447,h1006,0,1
a0586,u0594,h1006,0,1
a0587,u0565,h1018,1,0
a0588,u0940,h1008,0,1
a0589,u0835,h1015,0,1
a0590,u0228,h1009,0,1
a0591,u0489,h1014,0,1
a0592,u0550,h1022,1,0
a0593,u0129,h1012,1,0
a0594,u0110,h1007,0,1
a0595,u0609,h1014,0,1
a0596,u0038,h1020,1,0
a0597,u0407,h1008,0,1
a0598,u0745,h1002,0,1
a0599,u0967,h1015,0,1
a0600,u0274,h1014,1,0
a0601,u0146,h1020,1,0
a0602,u0917,h1018,0,1
a0603,u0526,h1014,1,0
a0604,u0625,h1007,0,1
a0605,u0118,h1002,1,0
a0606,u0094,h1001,1,0
a0607,u0489,h1002,0,1
a0608,u0782,h1005,0,1
a0609,u0701,h1001,0,1
a0610,u0266,h1014,0,1
a0611,u0694,h1010,0,1
a0612,u0432,h1015,1,0
a0613,u0569,h1017,0,1
a0614,u0191,h1019,0,1
a0615,u0184,h1017,0,1
a0616,u0034,h1001,0,1
a0617,u0179,h1015,1,0
a0618,u0457,h1009,0,1
a0619,u0937,h1022,1,0
a0620,u0058,h1002,0,1
a0621,u0489,h1020,1,0
a0622,u0078,h1019,0,1
a0623,u0515,h1020,0,1
a0624,u0313,h1010,0,1
a0625,u0831,h1007,0,1
a0626,u0483,h1019,0,1
a0627,u0007,h1004,0,1
a0628,u0437,h1014,0,1
a0629,u0643,h1011,0,1
a0630,u0564,h1022,1,0
a0631,u0484,h1004,1,0
a0632,u0454,h1013,1,0
a0633,u0683,h1019,0,1
a0634,u0809,h1020,0,1
a0635,u0725,h1021,0,1
a0636,u0269,h1020,0,1
a0637,u0146,h1002,0,1
a0638,u0361,h1018,0,1
a0639,u0641,h1014,1,0
a0640,u0981,h1011,0,1
a0641,u0659,h1010,1,0
a0642,u0259,h1017,0,1
a0643,u0898,h1010,1,0
a0644,u0907,h1009,1,0
a0645,u0417,h1009,0,1
a0646,u0464,h1018,0,1
a0647,u0513,h1017,1,0
a0648,u0519,h1001,0,1
a0649,u0187,h1019,0,1
a0650,u0577,h1004,0,1
a0651,u0876,h1016,0,1
a0652,u0053,h1008,1,0
a0653,u0418,h1010,0,1
a0654,u0230,h1017,1,0
a0655,u0619,h1009,0,1
a0656,u0059,h1022,0,1
a0657,u0726,h1005,0,1
a0658,u0659,h1018,0,1
a0659,u0430,h1015,1,0
a0660,u0309,h1016,1,0
a0661,u0362,h1016,0,1
a0662,u0075,h1017,0,1
a0663,u0281,h1006,0,1
a0664,u0450,h1018,1,0
a0665,u0022,h1008,0,1
a0666,u0986,h1019,0,1
a0667,u0332,h1008,0,1
a0668,u0192,h1009,0,1
a0669,u0411,h1020,0,1
a0670,u0452,h1006,0,1
a0671,u0362,h1003,0,1
a0672,u0017,h1015,1,0
a0673,u0583,h1010,1,0
a0674,u0738,h1005,0,1
a0675,u0404,h1001,1,0
a0676,u0952,h1010,1,0
a0677,u0372,h1002,0,1
a0678,u0276,h1010,0,1
a0679,u0928,h1020,0,1
a0680,u0100,h1015,1,0
a0681,u0811,h1011,0,1
a0682,u0288,h1007,0,1
a0683,u0294,h1022,0,1
a0684,u0135,h1008,1,0
a0685,u0914,h1014,1,0
a0686,u0114,h1011,0,1
a0687,u0982,h1008,0,1
a0688,u0087,h1006,1,0
a0689,u0709,h1009,1,0
a0690,u0075,h1007,0,1
a0691,u0957,h1022,0,1
a0692,u0643,h1002,1,0
a0693,u0378,h1013,0,1
a0694,u0415,h1006,0,1
a0695,u0695,h1015,1,0
a0696,u0785,h1009,1,0
a0697,u0209,h1019,0,1
a0698,u0686,h1003,0,1
a0699,u0717,h1010,1,0
a0700,u0967,h1006,0,1
a0701,u0058,h1021,0,1
a0702,u0684,h1017,1,0
a0703,u0791,h1023,1,0
a0704,u0074,h1001,1,0
a0705,u0747,h1008,0,1
a0706,u0411,h1010,0,1
a0707,u0804,h1007,1,0
a0708,u0346,h1023,1,0
a0709,u0183,h1005,1,0
a0710,u0676,h1019,0,1
a0711,u0864,h1013,1,0
a0712,u0601,h1007,1,0
a0713,u0999,h1023,0,1
a0714,u0397,h1007,0,1
a0715,u0330,h1016,0,1
a0716,u0147,h1007,1,0
a0717,u0239,h1001,0,1
a0718,u0007,h1005,0,1
a0719,u0951,h1010,0,1
a0720,u0825,h1010,0,1
a0721,u0946,h1015,0,1
a0722,u0901,h1005,0,1
a0723,u0334,h1004,0,1
a0724,u0938,h1012,0,1
a0725,u0368,h1020,0,1
a0726,u0770,h1016,1,0
a0727,u0935,h1016,1,0
a0728,u0636,h1015,0,1
a0729,u0749,h1016,0,1
a0730,u0347,h1003,0,1
a0731,u0018,h1018,1,0
a0732,u0821,h1003,0,1
a0733,u0937,h1023,0,1
a0734,u0046,h1011,0,1
a0735,u0358,h1002,0,1
a0736,u0752,h1011,0,1
a0737,u0291,h1015,0,1
a0738,u0448,h1011,0,1
a0739,u0791,h1020,0,1
a0740,u0382,h1016,1,0
a0741,u0501,h1016,0,1
a0742,u0282,h1014,0,1
a0743,u0480,h1023,0,1
a0744,u0424,h1002,0,1
a0745,u0504,h1022,0,1
a0746,u0125,h1002,1,0
a0747,u0202,h1001,0,1
a0748,u0161,h1005,0,1
a0749,u0608,h1018,0,1
a0750,u0802,h1020,1,0
a0751,u0488,h1018,1,0
a0752,u0576,h1001,1,0
a0753,u0188,h1002,1,0
a0754,u0153,h1007,0,1
a0755,u0359,h1003,0,1
a0756,u0864,h1005,1,0
a0757,u0955,h1016,0,1
a0758,u0317,h1001,1,0
a0759,u0657,h1019,0,1
a0760,u0299,h1019,0,1
a0761,u0389,h1005,1,0
a0762,u0277,h1017,1,0
a0763,u0819,h1008,1,0
a0764,u0944,h1001,0,1
a0765,u0799,h1001,0,1
a0766,u0804,h1014,1,0
a0767,u0011,h1012,1,0
a0768,u0188,h1003,0,1
a0769,u0139,h1018,1,0
a0770,u0315,h1011,0,1
a0771,u0977,h1006,1,0
a0772,u0846,h1023,0,1
a0773,u0302,h1023,1,0
a0774,u0163,h1016,0,1
a0775,u0738,h1001,0,1
a0776,u0914,h1008,0,1
a0777,u0489,h1021,1,0
a0778,u0953,h1004,0,1
a0779,u0331,h1023,0,1
a0780,u0380,h1007,0,1
a0781,u0824,h1018,0,1
a0782,u0879,h1001,0,1
a0783,u0097,h1005,0,1
a0784,u0332,h1009,0,1
a0785,u0444,h1014,0,1
a0786,u0831,h1014,0,1
a0787,u0888,h1013,0,1
a0788,u0766,h1016,0,1
a0789,u0225,h1023,0,1
a0790,u0622,h1005,0,1
a0791,u0870,h1006,0,1
a0792,u0603,h1010,0,1
a0793,u0443,h1001,0,1
a0794,u0775,h1002,0,1
a0795,u0365,h1011,0,1
a0796,u0187,h1002,1,0
a0797,u0152,h1022,0,1
a0798,u0970,h1022,0,1
a0799,u0121,h1018,1,0
a0800,u0304,h1010,0,1
a0801,u0720,h1009,0,1
a0802,u0712,h1015,1,0
a0803,u0649,h1019,0,1
a0804,u0227,h1002,1,0
a0805,u0300,h1011,1,0
a0806,u0682,h1008,0,1
a0807,u0986,h1001,0,1
a0808,u0102,h1005,1,0
a0809,u0172,h1010,1,0
a0810,u0138,h1012,0,1
a0811,u0241,h1019,0,1
a0812,u0047,h1009,0,1
a0813,u0310,h1009,0,1
a0814,u0772,h1004,0,1
a0815,u0310,h1014,0,1
a0816,u0666,h1020,0,1
a0817,u0917,h1004,1,0
a0818,u0926,h1019,0,1
a0819,u0307,h1020,1,0
a0820,u0555,h1018,1,0
a0821,u0583,h1008,1,0
a0822,u0067,h1011,1,0
a0823,u0353,h1020,0,1
a0824,u0909,h1003,1,0
a0825,u0386,h1001,1,0
a0826,u0164,h1013,0,1
a0827,u0471,h1023,1,0
a0828,u0131,h1009,0,1
a0829,u0044,h1004,0,1
a0830,u0660,h1009,0,1
a0831,u0909,h1017,0,1
a0832,u0309,h1001,0,1
a0833,u0198,h1002,1,0
a0834,u0233,h1018,0,1
a0835,u0299,h1020,0,1
a0836,u0263,h1008,1,0
a0837,u0764,h1011,0,1
a0838,u0919,h1019,0,1
a0839,u0629,h1016,0,1
a0840,u0671,h1002,0,1
a0841,u0542,h1005,1,0
a0842,u0459,h1023,1,0
a0843,u0231,h1017,0,1
a0844,u0099,h1012,0,1
a0845,u0741,h1007,0,1
a0846,u0839,h1021,1,0
a0847,u0287,h1010,0,1
a0848,u0683,h1023,0,1
a0849,u0879,h1005,1,0
a0850,u0879,h1017,0,1
a0851,u0089,h1014,0,1
a0852,u0675,h1020,1,0
a0853,u0332,h1019,0,1
a0854,u0340,h1014,0,1
a0855,u0561,h1010,1,0
a0856,u0390,h1007,0,1
a0857,u0056,h1008,0,1
a0858,u0521,h1012,0,1
a0859,u0240,h1021,1,0
a0860,u0471,h1011,0,1
a0861,u0126,h1006,0,1
a0862,u0242,h1001,1,0
a0863,u0082,h1007,0,1
a0864,u0569,h1008,0,1
a0865,u0788,h1021,0,1
a0866,u0304,h1004,1,0
a0867,u0396,h1008,0,1
a0868,u0252,h1001,1,0
a0869,u0767,h1020,0,1
a0870,u0619,h1015,1,0
a0871,u0248,h1004,1,0
a0872,u0682,h1010,0,1
a0873,u0556,h1001,0,1
a0874,u0181,h1014,1,0
a0875,u0654,h1018,1,0
a0876,u0147,h1023,0,1
a0877,u0742,h1008,1,0
a0878,u0849,h1014,0,1
a0879,u0417,h1013,0,1
a0880,u0355,h1001,0,1
a0881,u0016,h1012,0,1
a0882,u0838,h1017,0,1
a0883,u0672,h1004,0,1
a0884,u0932,h1004,0,1
a0885,u0481,h1008,0,1
a0886,u0317,h1005,1,0
a0887,u0394,h1014,0,1
a0888,u0064,h1017,0,1
a0889,u0462,h1007,0,1
a0890,u0365,h1005,1,0
a0891,u0462,h1015,0,1
a0892,u0992,h1009,0,1
a0893,u0933,h1016,0,1
a0894,u0144,h1001,0,1
a0895,u0794,h1009,0,1
a0896,u0430,h1014,1,0
a0897,u0799,h1022,1,0
a0898,u0602,h1001,0,1
a0899,u0040,h1017,0,1
a0900,u0507,h1017,0,1
a0901,u0397,h1019,0,1
a0902,u0701,h1003,0,1
a0903,u0776,h1014,0,1
a0904,u0624,h1004,1,0
a0905,u0914,h1017,0,1
a0906,u0450,h1001,1,0
a0907,u0624,h1012,0,1
a0908,u0174,h1005,0,1
a0909,u0475,h1004,0,1
a0910,u0040,h1014,1,0
a0911,u0588,h1012,1,0
a0912,u0993,h1010,0,1
a0913,u0520,h1010,1,0
a0914,u0546,h1016,0,1
a0915,u0359,h1014,0,1
a0916,u0696,h1018,1,0
a0917,u0410,h1019,1,0
a0918,u0844,h1012,1,0
a0919,u0546,h1023,0,1
a0920,u0158,h1022,0,1
a0921,u0454,h1014,0,1
a0922,u0223,h1015,0,1
a0923,u0177,h1015,1,0
a0924,u0144,h1007,0,1
a0925,u0447,h1018,0,1
a0926,u0836,h1010,0,1
a0927,u0308,h1009,0,1
a0928,u0708,h1003,1,0
a0929,u0250,h1023,0,1
a0930,u0856,h1020,0,1
a0931,u0630,h1003,1,0
a0932,u0636,h1019,0,1
a0933,u0417,h1011,1,0
a0934,u0834,h1013,1,0
a0935,u0615,h1016,0,1
a0936,u0461,h1010,0,1
a0937,u0726,h1010,0,1
a0938,u0491,h1005,0,1
a0939,u0169,h1016,1,0
a0940,u0844,h1020,1,0
a0941,u0389,h1009,0,1
a0942,u0126,h1015,1,0
a0943,u0307,h1010,0,1
a0944,u0288,h1020,1,0
a0945,u0926,h1006,0,1
a0946,u0714,h1002,0,1
a0947,u0806,h1001,0,1
a0948,u0508,h1002,0,1
a0949,u0579,h1011,1,0
a0950,u0112,h1003,0,1
a0951,u0295,h1016,1,0
a0952,u0770,h1009,0,1
a0953,u0967,h1001,0,1
a0954,u0250,h1022,1,0
a0955,u0440,h1007,0,1
a0956,u0618,h1009,1,0
a0957,u0488,h1008,1,0
a0958,u0137,h1011,0,1
a0959,u0952,h1001,0,1
a0960,u0698,h1011,1,0
a0961,u0016,h1015,1,0
a0962,u0084,h1003,1,0
a0963,u0543,h1022,1,0
a0964,u0194,h1017,1,0
a0965,u0104,h1019,0,1
a0966,u0117,h1022,0,1
a0967,u0914,h1017,0,1
a0968,u0307,h1011,1,0
a0969,u0015,h1003,0,1
a0970,u0356,h1021,0,1
a0971,u0710,h1001,0,1
a0972,u0652,h1009,0,1
a0973,u0022,h1022,0,1
a0974,u0468,h1001,0,1
a0975,u0931,h1005,0,1
a0976,u0761,h1012,0,1
a0977,u0639,h1018,1,0
a0978,u0566,h1013,0,1
a0979,u0550,h1023,0,1
a0980,u0754,h1006,0,1
a0981,u0216,h1022,1,0
a0982,u0337,h1019,0,1
a0983,u0304,h1011,1,0
a0984,u0622,h1020,1,0
a0985,u0535,h1011,0,1
a0986,u0158,h1009,0,1
a0987,u0324,h1013,0,1
a0988,u0097,h1023,0,1
a0989,u0517,h1016,1,0
a0990,u0242,h1007,0,1
a0991,u0469,h1008,0,1
a0992,u0614,h1022,1,0
a0993,u0747,h1005,0,1
a0994,u0009,h1004,0,1
a0995,u0728,h1002,1,0
a0996,u0562,h1001,0,1
a0997,u0486,h1001,0,1
a0998,u0734,h1021,0,1
a0999,u0348,h1015,0,1
a1000,u0886,h1009,0,1
a1001,u0892,h1003,0,1
a1002,u0299,h1005,0,1
a1003,u0301,h1021,1,0
a1004,u0753,h1020,0,1
a1005,u0453,h1009,0,1
a1006,u0189,h1002,0,1
a1007,u0781,h1015,1,0
a1008,u0984,h1008,0,1
a1009,u0365,h1003,1,0
a1010,u0476,h1014,0,1
a1011,u0454,h1017,0,1
a1012,u0082,h1023,0,1
a1013,u0520,h1003,1,0
a1014,u0636,h1015,1,0
a1015,u0420,h1023,0,1
a1016,u0793,h1016,0,1
a1017,u0516,h1004,0,1
a1018,u0556,h1001,1,0
a1019,u0450,h1013,0,1
a1020,u0030,h1011,0,1
a1021,u0742,h1019,1,0
a1022,u0065,h1021,0,1
a1023,u0681,h1006,0,1
a1024,u0713,h1017,0,1
a1025,u0283,h1014,0,1
a1026,u0216,h1010,0,1
a1027,u0618,h1002,0,1
a1028,u0251,h1009,1,0
a1029,u0083,h1017,0,1
a1030,u0143,h1003,0,1
a1031,u0761,h1005,0,1
a1032,u0842,h1012,0,1
a1033,u0322,h1011,1,0
a1034,u0086,h1003,0,1
a1035,u0595,h1004,1,0
a1036,u0354,h1023,0,1
a1037,u0399,h1022,1,0
a1038,u0339,h1004,1,0
a1039,u0527,h1017,1,0
a1040,u0182,h1005,1,0
a1041,u0642,h1018,0,1
a1042,u0801,h1015,0,1
a1043,u0676,h1001,0,1
a1044,u0477,h1006,1,0
a1045,u0870,h1007,0,1
a1046,u0860,h1016,0,1
a1047,u0014,h1006,0,1
a1048,u0198,h1006,0,1
a1049,u0398,h1022,0,1
a1050,u0084,h1017,0,1
a1051,u0660,h1004,0,1
a1052,u0477,h1015,0,1
a1053,u0716,h1009,0,1
a1054,u0337,h1011,0,1
a1055,u0615,h1023,1,0
a1056,u0743,h1003,0,1
a1057,u0888,h1002,1,0
a1058,u0860,h1001,0,1
a1059,u0152,h1014,1,0
a1060,u0208,h1018,0,1
a1061,u0842,h1019,1,0
a1062,u0966,h1017,0,1
a1063,u0677,h1021,0,1
a1064,u0993,h1004,0,1
a1065,u0228,h1018,0,1
a1066,u0356,h1008,0,1
a1067,u0130,h1006,0,1
a1068,u0999,h1015,0,1
a1069,u0333,h1023,0,1
a1070,u0766,h1008,0,1
a1071,u0661,h1018,1,0
a1072,u0558,h1023,1,0
a1073,u0090,h1021,0,1
a1074,u0864,h1008,1,0
a1075,u0207,h1010,1,0
a1076,u0975,h1007,0,1
a1077,u0126,h1014,0,1
a1078,u0745,h1021,0,1
a1079,u0098,h1017,1,0
a1080,u0934,h1001,0,1
a1081,u0514,h1003,0,1
a1082,u0252,h1003,0,1
a1083,u0029,h1020,0,1
a1084,u0901,h1023,0,1
a1085,u0252,h1001,1,0
a1086,u0310,h1014,0,1
a1087,u0874,h1012,0,1
a1088,u0543,h1006,0,1
a1089,u0590,h1021,0,1
a1090,u0745,h1008,1,0
a1091,u0893,h1019,0,1
a1092,u0957,h1015,1,0
a1093,u0131,h1009,1,0
a1094,u0925,h1017,1,0
a1095,u0498,h1008,0,1
a1096,u0510,h1014,0,1
a1097,u0338,h1012,0,1
a1098,u0561,h1010,1,0
a1099,u0446,h1003,1,0
a1100,u0938,h1004,1,0
a1101,u0859,h1010,0,1
a1102,u0232,h1011,1,0
a1103,u0677,h1015,0,1
a1104,u0432,h1015,0,1
a1105,u0766,h1006,0,1
a1106,u0068,h1010,0,1
a1107,u0311,h1016,0,1
a1108,u0402,h1017,0,1
a1109,u0490,h1016,0,1
a1110,u0090,h1019,0,1
a1111,u0447,h1009,0,1
a1112,u0298,h1011,1,0
a1113,u0302,h1008,0,1
a1114,u0236,h1019,1,0
a1115,u0488,h1005,0,1
a1116,u0670,h1010,0,1
a1117,u0112,h1005,0,1
a1118,u0770,h1021,0,1
a1119,u0749,h1005,0,1
a1120,u0181,h1020,1,0
a1121,u0530,h1005,0,1
a1122,u0428,h1010,0,1
a1123,u0324,h1014,1,0
a1124,u0167,h1006,0,1
a1125,u0565,h1013,0,1
a1126,u0649,h1009,1,0
a1127,u0444,h1016,0,1
a1128,u0280,h1007,0,1
a1129,u0848,h1004,0,1
a1130,u0624,h1016,0,1
a1131,u0969,h1014,0,1
a1132,u0192,h1012,0,1
a1133,u0139,h1004,0,1
a1134,u0329,h1017,0,1
a1135,u0103,h1019,0,1
a1136,u0616,h1005,0,1
a1137,u0396,h1002,0,1
a1138,u0243,h1010,0,1
a1139,u0729,h1018,0,1
a1140,u0260,h1022,1,0
a1141,u0009,h1004,0,1
a1142,u0987,h1016,1,0
a1143,u0882,h1004,0,1
a1144,u0092,h1011,0,1
a1145,u0132,h1003,0,1
a1146,u0944,h1023,0,1
a1147,u0748,h1004,1,0
a1148,u0368,h1015,1,0
a1149,u0576,h1013,0,1
a1150,u0417,h1019,0,1
a1151,u0743,h1013,0,1
a1152,u0776,h1005,1,0
a1153,u0540,h1017,1,0
a1154,u0450,h1005,0,1
a1155,u0815,h1013,0,1
a1156,u0696,h1009,1,0
a1157,u0097,h1022,0,1
a1158,u0907,h1010,0,1
a1159,u0752,h1020,0,1
a1160,u0224,h1018,0,1
a1161,u0444,h1002,0,1
a1162,u0108,h1017,0,1
a1163,u0227,h1013,1,0
a1164,u0197,h1021,0,1
a1165,u0036,h1017,0,1
a1166,u0222,h1004,0,1
a1167,u0322,h1013,0,1
a1168,u0907,h1021,0,1
a1169,u0197,h1015,1,0
a1170,u0285,h1010,1,0
a1171,u0099,h1015,0,1
a1172,u0909,h1023,0,1
a1173,u0236,h1021,0,1
a1174,u0814,h1009,0,1
a1175,u0352,h1007,0,1
a1176,u0822,h1013,0,1
a1177,u0917,h1014,1,0
a1178,u0609,h1020,0,1
a1179,u0942,h1005,1,0
a1180,u0574,h1020,1,0
a1181,u0969,h1016,0,1
a1182,u0267,h1007,0,1
a1183,u0459,h1011,0,1
a1184,u0838,h1010,0,1
a1185,u0930,h1018,0,1
a1186,u0649,h1010,1,0
a1187,u0663,h1005,1,0
a1188,u0334,h1017,1,0
a1189,u0826,h1006,0,1
a1190,u0083,h1019,0,1
a1191,u0110,h1006,0,1
a1192,u0086,h1023,1,0
a1193,u0363,h1020,0,1
a1194,u0411,h1019,1,0
a1195,u0784,h1012,0,1
a1196,u0831,h1008,1,0
a1197,u0763,h1021,1,0
a1198,u0941,h1010,1,0
a1199,u0234,h1016,1,0
a1200,u0299,h1002,0,1
a1201,u0381,h1012,0,1
a1202,u0696,h1013,0,1
a1203,u0420,h1004,0,1
a1204,u0487,h1006,0,1
a1205,u0208,h1014,0,1
a1206,u0523,h1010,0,1
a1207,u0412,h1009,0,1
a1208,u0818,h1003,1,0
a1209,u0266,h1020,0,1
a1210,u0225,h1008,1,0
a1211,u0842,h1009,0,1
a1212,u0912,h1012,0,1
a1213,u0537,h1014,0,1
a1214,u0345,h1020,1,0
a1215,u0435,h1011,1,0
a1216,u0688,h1009,1,0
a1217,u0341,h1022,0,1
a1218,u0328,h1002,0,1
a1219,u0696,h1015,0,1
a1220,u0527,h1005,0,1
a1221,u0083,h1009,0,1
a1222,u0262,h1012,0,1
a1223,u0246,h1002,0,1
a1224,u0470,h1015,0,1
a1225,u0669,h1021,0,1
a1226,u0534,h1010,0,1
a1227,u0379,h1021,0,1
a1228,u0748,h1021,1,0
a1229,u0428,h1002,1,0
a1230,u0844,h1013,1,0
a1231,u0604,h1023,1,0
a1232,u0715,h1016,0,1
a1233,u0759,h1018,1,0
a1234,u0789,h1006,0,1
a1235,u0060,h1008,0,1
a1236,u0158,h1001,0,1
a1237,u0328,h1008,0,1
a1238,u0312,h1020,0,1
a1239,u0525,h1013,0,1
a1240,u0774,h1019,0,1
a1241,u0389,h1004,1,0
a1242,u0795,h1023,0,1
a1243,u0148,h1011,0,1
a1244,u0554,h1021,0,1
a1245,u0527,h1013,0,1
a1246,u0731,h1012,1,0
a1247,u0135,h1014,1,0
a1248,u0291,h1020,0,1
a1249,u0523,h1020,1,0
a1250,u0905,h1016,0,1
a1251,u0151,h1001,1,0
a1252,u0705,h1004,0,1
a1253,u0763,h1007,1,0
a1254,u0204,h1009,1,0
a1255,u0252,h1016,0,1
a1256,u0980,h1014,1,0
a1257,u0333,h1002,1,0
a1258,u0008,h1011,0,1
a1259,u0337,h1013,0,1
a1260,u0225,h1015,0,1
a1261,u0272,h1004,0,1
a1262,u0572,h1010,0,1
a1263,u0202,h1022,1,0
a1264,u0629,h1008,1,0
a1265,u0816,h1004,0,1
a1266,u0547,h1006,1,0
a1267,u0622,h1021,0,1
a1268,u0285,h1012,1,0
a1269,u0577,h1021,1,0
a1270,u0443,h1014,0,1
a1271,u0217,h1003,0,1
a1272,u0635,h1016,0,1
a1273,u0619,h1015,0,1
a1274,u0261,h1014,0,1
a1275,u0587,h1023,1,0
a1276,u0947,h1018,0,1
a1277,u0775,h1021,0,1
a1278,u0622,h1009,0,1
a1279,u0044,h1018,0,1
a1280,u0897,h1011,0,1
a1281,u0495,h1014,0,1
a1282,u0977,h1017,1,0
a1283,u0311,h1013,0,1
a1284,u0178,h1014,0,1
a1285,u0638,h1008,0,1
a1286,u0017,h1011,0,1
a1287,u0142,h1011,0,1
a1288,u0259,h1001,0,1
a1289,u0871,h1012,0,1
a1290,u0592,h1013,0,1
a1291,u0195,h1013,0,1
a1292,u0968,h1010,1,0
a1293,u0375,h1022,1,0
a1294,u0554,h1001,0,1
a1295,u0959,h1011,0,1
a1296,u0689,h1010,0,1
a1297,u0180,h1017,0,1
a1298,u0658,h1022,0,1
a1299,u0852,h1008,1,0
a1300,u0656,h1018,1,0
a1301,u0318,h1007,0,1
a1302,u0008,h1017,0,1
a1303,u0278,h1022,0,1
a1304,u0882,h1017,0,1
a1305,u0695,h1005,1,0
a1306,u0562,h1013,0,1
a1307,u0681,h1019,1,0
a1308,u0690,h1006,1,0
a1309,u0764,h1020,0,1
a1310,u0807,h1006,1,0
a1311,u0235,h1009,1,0
a1312,u0823,h1022,0,1
a1313,u0417,h1014,0,1
a1314,u0056,h1014,0,1
a1315,u0101,h1020,0,1
a1316,u0264,h1004,1,0
a1317,u0527,h1001,1,0
a1318,u0236,h1011,1,0
a1319,u0077,h1013,1,0
a1320,u0419,h1016,0,1
a1321,u0106,h1023,1,0
a1322,u0917,h1009,0,1
a1323,u0687,h1016,1,0
a1324,u0819,h1008,0,1
a1325,u0465,h1004,0,1
a1326,u0290,h1008,0,1
a1327,u0474,h1010,1,0
a1328,u0641,h1020,0,1
a1329,u0672,h1008,0,1
a1330,u0653,h1002,0,1
a1331,u0117,h1001,1,0
a1332,u0710,h1006,0,1
a1333,u0690,h1021,0,1
a1334,u0381,h1020,0,1
a1335,u0337,h1009,0,1
a1336,u0973,h1008,0,1
a1337,u0455,h1021,0,1
a1338,u0060,h1009,0,1
a1339,u0315,h1020,0,1
a1340,u0172,h1013,0,1
a1341,u0089,h1005,0,1
a1342,u0154,h1015,0,1
a1343,u0836,h1003,0,1
a1344,u0676,h1006,1,0
a1345,u0663,h1013,1,0
a1346,u0905,h1020,0,1
a1347,u0062,h1019,1,0
a1348,u0255,h1014,0,1
a1349,u0665,h1004,0,1
a1350,u0270,h1008,1,0
a1351,u0436,h1022,0,1
a1352,u0322,h1018,1,0
a1353,u0965,h1005,0,1
a1354,u0628,h1018,1,0
a1355,u0451,h1014,0,1
a1356,u0056,h1001,0,1
a1357,u0459,h1003,0,1
a1358,u0255,h1013,0,1
a1359,u0760,h1007,0,1
a1360,u0631,h1023,0,1
a1361,u0370,h1006,1,0
a1362,u0454,h1001,0,1
a1363,u0726,h1006,0,1
a1364,u0541,h1011,0,1
a1365,u0081,h1008,0,1
a1366,u0872,h1011,0,1
a1367,u1000,h1005,0,1
a1368,u0326,h1014,0,1
a1369,u0904,h1004,0,1
a1370,u0429,h1017,0,1
a1371,u0532,h1005,0,1
a1372,u0267,h1010,0,1
a1373,u0938,h1004,0,1
a1374,u0905,h1001,0,1
a1375,u0979,h1002,1,0
a1376,u0259,h1013,0,1
a1377,u0531,h1013,0,1
a1378,u0669,h1023,0,1
a1379,u0649,h1012,0,1
a1380,u0981,h1017,0,1
a1381,u0803,h1018,1,0
a1382,u0060,h1001,0,1
a1383,u0981,h1018,0,1
a1384,u0054,h1015,0,1
a1385,u0976,h1003,0,1
a1386,u0460,h1011,0,1
a1387,u0865,h1013,0,1
a1388,u0023,h1015,1,0
a1389,u0299,h1011,0,1
a1390,u0330,h1001,0,1
a1391,u0413,h1002,1,0
a1392,u0223,h1016,0,1
a1393,u0399,h1003,0,1
a1394,u0663,h1010,0,1
a1395,u0477,h1021,0,1
a1396,u0322,h1010,0,1
a1397,u0738,h1016,0,1
a1398,u0192,h1021,0,1
a1399,u0989,h1022,0,1
a1400,u0071,h1011,0,1
a1401,u0234,h1012,0,1
a1402,u0126,h1014,0,1
a1403,u0906,h1005,0,1
a1404,u0368,h1005,0,1
a1405,u0521,h1005,0,1
a1406,u0951,h1022,0,1
a1407,u0404,h1006,1,0
a1408,u0518,h1009,1,0
a1409,u0064,h1001,0,1
a1410,u0874,h1019,0,1
a1411,u0117,h1004,1,0
a1412,u0525,h1004,0,1
a1413,u0217,h1023,0,1
a1414,u0546,h1004,1,0
a1415,u0883,h1012,1,0
a1416,u0186,h1002,1,0
a1417,u0771,h1022,0,1
a1418,u0667,h1010,0,1
a1419,u0986,h1014,0,1
a1420,u0418,h1009,1,0
a1421,u0866,h1007,0,1
a1422,u0993,h1008,1,0
a1423,u0194,h1013,0,1
a1424,u0743,h1018,0,1
a1425,u0820,h1010,0,1
a1426,u0385,h1002,0,1
a1427,u0597,h1009,0,1
a1428,u0773,h1009,1,0
a1429,u0776,h1018,0,1
a1430,u0982,h1005,0,1
a1431,u0680,h1004,0,1
a1432,u0645,h1012,0,1
a1433,u0842,h1001,0,1
a1434,u0388,h1008,1,0
a1435,u0708,h1021,0,1
a1436,u0973,h1017,0,1
a1437,u0502,h1019,0,1
a1438,u0301,h1014,1,0
a1439,u0727,h1012,1,0
a1440,u0713,h1009,0,1
a1441,u0543,h1015,0,1
a1442,u0290,h1006,0,1
a1443,u0677,h1023,0,1
a1444,u0798,h1017,0,1
a1445,u0050,h1008,0,1
a1446,u0291,h1016,1,0
a1447,u0312,h1018,0,1
a1448,u0172,h1011,0,1
a1449,u0495,h1002,0,1
a1450,u0644,h1021,0,1
a1451,u0454,h1004,0,1
a1452,u0915,h1010,0,1
a1453,u0770,h1020,0,1
a1454,u0916,h1023,0,1
a1455,u0903,h1004,0,1
a1456,u0503,h1016,1,0
a1457,u0248,h1005,0,1
a1458,u0737,h1006,1,0
a1459,u0717,h1007,0,1
a1460,u0730,h1010,1,0
a1461,u0080,h1010,1,0
a1462,u0573,h1005,0,1
a1463,u0805,h1004,0,1
a1464,u0934,h1021,0,1
a1465,u0586,h1010,0,1
a1466,u0307,h1004,0,1
a1467,u0416,h1022,0,1
a1468,u0979,h1017,0,1
a1469,u0905,h1023,0,1
a1470,u0118,h1016,0,1
a1471,u0961,h1018,0,1
a1472,u0968,h1006,0,1
a1473,u0638,h1007,0,1
a1474,u0963,h1001,0,1
a1475,u0079,h1006,1,0
a1476,u0482,h1014,0,1
a1477,u0152,h1008,1,0
a1478,u0125,h1003,0,1
a1479,u0726,h1015,1,0
a1480,u0232,h1003,0,1
a1481,u0085,h1011,1,0
a1482,u0652,h1015,0,1
a1483,u0454,h1003,1,0
a1484,u0902,h1015,1,0
a1485,u0194,h1019,0,1
a1486,u0712,h1009,0,1
a1487,u0060,h1019,0,1
a1488,u0908,h1002,1,0
a1489,u0857,h1008,0,1
a1490,u0623,h1023,0,1
a1491,u0826,h1014,0,1
a1492,u0073,h1002,0,1
a1493,u0245,h1008,1,0
a1494,u0913,h1009,0,1
a1495,u0052,h1012,0,1
a1496,u0188,h1023,0,1
a1497,u0995,h1021,1,0
a1498,u0942,h1016,0,1
a1499,u0654,h1001,1,0
a1500,u0730,h1016,0,1
a1501,u0012,h1015,0,1
a1502,u0300,h1013,0,1
a1503,u0331,h1001,0,1
a1504,u0597,h1014,0,1
a1505,u0616,h1020,1,0
a1506,u0946,h1002,0,1
a1507,u0194,h1014,0,1
a1508,u0976,h1014,0,1
a1509,u0907,h1021,1,0
a1510,u0372,h1005,0,1
a1511,u0094,h1001,0,1
a1512,u0870,h1018,0,1
a1513,u0124,h1008,1,0
a1514,u0378,h1017,1,0
a1515,u0011,h1017,0,1
a1516,u0656,h1003,1,0
a1517,u0882,h1017,1,0
a1518,u0604,h1016,0,1
a1519,u0997,h1022,1,0
a1520,u0303,h1011,0,1
a1521,u0380,h1015,0,1
a1522,u0715,h1017,0,1
a1523,u0774,h1023,0,1
a1524,u0003,h1021,1,0
a1525,u0015,h1012,0,1
a1526,u0393,h1022,1,0
a1527,u0420,h1004,0,1
a1528,u0713,h1009,0,1
a1529,u0751,h1018,0,1
a1530,u0832,h1018,0,1
a1531,u0810,h1008,0,1
a1532,u0581,h1002,1,0
a1533,u0036,h1023,0,1
a1534,u0518,h1023,1,0
a1535,u0095,h1015,0,1
a1536,u0745,h1022,1,0
a1537,u0940,h1016,1,0
a1538,u0864,h1015,1,0
a1539,u0829,h1022,0,1
a1540,u0940,h1017,0,1
a1541,u0194,h1022,0,1
a1542,u0165,h1012,0,1
a1543,u0666,h1002,0,1
a1544,u0502,h1019,0,1
a1545,u0440,h1010,0,1
a1546,u0887,h1021,0,1
a1547,u0459,h1004,1,0
a1548,u0156,h1020,1,0
a1549,u0856,h1006,1,0
a1550,u0504,h1003,0,1
a1551,u0450,h1014,1,0
a1552,u0105,h1022,1,0
a1553,u0770,h1003,1,0
a1554,u0852,h1006,0,1
a1555,u0821,h1007,0,1
a1556,u0469,h1022,0,1
a1557,u0278,h1007,0,1
a1558,u0843,h1016,0,1
a1559,u0712,h1009,0,1
a1560,u0447,h1005,0,1
a1561,u0303,h1010,0,1
a1562,u0525,h1022,0,1
a1563,u0602,h1023,1,0
a1564,u0868,h1008,0,1
a1565,u0238,h1007,1,0
a1566,u0860,h1013,0,1
a1567,u0399,h1018,0,1
a1568,u0336,h1006,0,1
a1569,u0636,h1011,0,1
a1570,u0749,h1023,1,0
a1571,u0798,h1001,0,1
a1572,u0730,h1005,0,1
a1573,u0625,h1001,0,1
a1574,u0870,h1012,1,0
a1575,u1000,h1016,1,0
a1576,u0825,h1013,1,0
a1577,u0848,h1003,0,1
a1578,u0290,h1014,0,1
a1579,u0152,h1016,0,1
a1580,u0454,h1021,0,1
a1581,u0674,h1004,1,0
a1582,u0479,h1021,0,1
a1583,u0600,h1021,1,0
a1584,u0013,h1019,0,1
a1585,u0133,h1008,0,1
a1586,u0601,h1012,0,1
a1587,u0364,h1004,0,1
a1588,u0409,h1023,0,1
a1589,u0604,h1017,0,1
a1590,u0305,h1003,0,1
a1591,u0111,h1003,1,0
a1592,u0654,h1023,0,1
a1593,u0774,h1011,0,1
a1594,u0742,h1009,1,0
a1595,u0370,h1011,0,1
a1596,u0248,h1015,0,1
a1597,u0514,h1021,0,1
a1598,u0937,h1018,0,1
a1599,u0170,h1018,0,1
a1600,u0924,h1007,0,1
a1601,u0921,h1013,0,1
a1602,u0840,h1014,0,1
a1603,u0666,h1019,0,1
a1604,u0531,h1010,0,1
a1605,u0193,h1008,0,1
a1606,u0102,h1016,0,1
a1607,u0727,h1001,0,1
a1608,u0457,h1017,0,1
a1609,u0956,h1018,0,1
a1610,u0190,h1004,0,1
a1611,u0195,h1001,1,0
a1612,u0428,h1012,0,1
a1613,u0750,h1012,0,1
a1614,u0081,h1020,0,1
a1615,u0371,h1002,0,1
a1616,u0786,h1012,0,1
a1617,u0200,h1008,1,0
a1618,u0976,h1011,0,1
a1619,u0736,h1010,0,1
a1620,u0471,h1004,1,0
a1621,u0572,h1003,0,1
a1622,u0576,h1015,0,1
a1623,u0369,h1013,0,1
a1624,u0007,h1018,0,1
a1625,u0175,h1023,0,1
a1626,u0022,h1016,1,0
a1627,u0312,h1014,0,1
a1628,u0479,h1007,0,1
a1629,u0741,h1006,1,0
a1630,u0456,h1007,1,0
a1631,u0257,h1004,0,1
a1632,u0440,h1019,1,0
a1633,u0450,h1006,0,1
a1634,u0780,h1006,1,0
a1635,u0256,h1006,0,1
a1636,u0214,h1006,1,0
a1637,u0531,h1019,1,0
a1638,u0335,h1023,0,1
a1639,u0602,h1019,0,1
a1640,u0144,h1013,0,1
a1641,u0629,h1004,1,0
a1642,u0570,h1003,0,1
a1643,u0737,h1007,1,0
a1644,u0311,h1001,0,1
a1645,u0764,h1017,1,0
a1646,u0123,h1005,0,1
a1647,u0789,h1019,0,1
a1648,u0244,h1014,0,1
a1649,u0681,h1017,0,1
a1650,u0050,h1016,0,1
a1651,u0740,h1001,1,0
a1652,u0679,h1016,0,1
a1653,u0999,h1015,1,0
a1654,u0841,h1010,1,0
a1655,u0976,h1018,0,1
a1656,u0701,h1009,0,1
a1657,u0654,h1020,0,1
a1658,u0764,h1020,0,1
a1659,u0030,h1017,0,1
a1660,u0537,h1017,0,1
a1661,u0055,h1011,1,0
a1662,u0601,h1007,0,1
a1663,u0886,h1006,0,1
a1664,u0763,h1002,1,0
a1665,u0639,h1008,0,1
a1666,u0905,h1023,1,0
a1667,u0181,h1006,1,0
a1668,u0884,h1008,0,1
a1669,u0951,h1008,0,1
a1670,u0510,h1020,0,1
a1671,u0952,h1018,1,0
a1672,u0802,h1012,0,1
a1673,u0416,h1015,1,0
a1674,u0818,h1023,0,1
a1675,u0058,h1007,0,1
a1676,u0132,h1019,0,1
a1677,u0279,h1021,0,1
a1678,u0164,h1013,1,0
a1679,u0548,h1018,0,1
a1680,u0237,h1018,0,1
a1681,u0252,h1016,0,1
a1682,u0673,h1007,0,1
a1683,u0606,h1004,0,1
a1684,u0558,h1023,0,1
a1685,u0915,h1015,0,1
a1686,u0386,h1019,1,0
a1687,u0043,h1017,1,0
a1688,u0589,h1006,1,0
a1689,u0395,h1011,0,1
a1690,u0225,h1015,0,1
a1691,u0647,h1012,0,1
a1692,u0007,h1006,0,1
a1693,u0998,h1004,0,1
a1694,u0475,h1023,0,1
a1695,u0170,h1002,1,0
a1696,u0375,h1022,0,1
a1697,u0937,h1017,0,1
a1698,u0608,h1009,0,1
a1699,u0319,h1011,0,1
a1700,u0987,h1017,0,1
a1701,u0755,h1021,0,1
a1702,u0217,h1008,0,1
a1703,u0845,h1005,1,0
a1704,u0278,h1008,0,1
a1705,u0630,h1002,1,0
a1706,u0343,h1005,1,0
a1707,u0003,h1022,0,1
a1708,u0458,h1016,1,0
a1709,u0817,h1021,0,1
a1710,u0783,h1004,0,1
a1711,u0001,h1011,0,1
a1712,u0061,h1001,1,0
a1713,u0808,h1007,0,1
a1714,u0628,h1022,1,0
a1715,u0491,h1011,0,1
a1716,u0042,h1014,0,1
a1717,u0988,h1005,1,0
a1718,u0947,h1016,0,1
a1719,u0795,h1019,1,0
a1720,u0559,h1007,0,1
a1721,u0142,h1021,0,1
a1722,u0393,h1012,0,1
a1723,u0193,h1009,0,1
a1724,u0629,h1021,0,1
a1725,u0882,h1003,1,0
a1726,u0949,h1015,0,1
a1727,u0676,h1015,0,1
a1728,u0119,h1016,0,1
a1729,u0136,h1001,1,0
a1730,u0330,h1020,0,1
a1731,u0921,h1002,0,1
a1732,u0687,h1005,1,0
a1733,u0961,h1023,0,1
a1734,u0662,h1017,1,0
a1735,u0571,h1010,0,1
a1736,u0700,h1012,0,1
a1737,u0112,h1021,0,1
a1738,u0372,h1019,1,0
a1739,u0009,h1022,0,1
a1740,u0348,h1014,1,0
a1741,u0369,h1018,0,1
a1742,u0703,h1015,0,1
a1743,u0133,h1012,0,1
a1744,u0323,h1014,0,1
a1745,u0871,h1022,0,1
a1746,u0551,h1004,0,1
a1747,u0420,h1008,0,1
a1748,u0071,h1019,0,1
a1749,u0727,h1011,0,1
a1750,u0790,h1023,0,1
a1751,u0029,h1008,0,1
a1752,u0025,h1007,0,1
a1753,u0875,h1012,1,0
a1754,u0735,h1010,0,1
a1755,u0985,h1002,0,1
a1756,u0425,h1006,1,0
a1757,u0829,h1002,1,0
a1758,u0002,h1006,0,1
a1759,u0959,h1009,0,1
a1760,u0365,h1004,1,0
a1761,u0976,h1005,1,0
a1762,u0069,h1012,0,1
a1763,u0108,h1021,0,1
a1764,u0618,h1018,0,1
a1765,u0243,h1020,1,0
a1766,u0072,h1013,0,1
a1767,u0683,h1011,0,1
a1768,u0857,h1016,0,1
a1769,u0705,h1004,1,0
a1770,u0465,h1009,0,1
a1771,u0612,h1003,0,1
a1772,u0533,h1002,0,1
a1773,u0081,h1003,0,1
a1774,u0684,h1013,0,1
a1775,u0769,h1016,0,1
a1776,u0706,h1005,0,1
a1777,u0121,h1012,0,1
a1778,u0772,h1008,1,0
a1779,u0590,h1007,0,1
a1780,u0300,h1023,0,1
a1781,u0576,h1008,1,0
a1782,u0024,h1023,0,1
a1783,u0894,h1012,0,1
a1784,u0788,h1009,0,1
a1785,u0416,h1015,0,1
a1786,u0359,h1012,0,1
a1787,u0902,h1001,0,1
a1788,u0337,h1011,0,1
a1789,u0268,h1009,1,0
a1790,u0150,h1016,0,1
a1791,u0054,h1001,1,0
a1792,u0546,h1019,0,1
a1793,u0600,h1008,1,0
a1794,u0663,h1003,1,0
a1795,u0347,h1009,0,1
a1796,u0322,h1019,1,0
a1797,u0269,h1008,0,1
a1798,u0834,h1007,0,1
a1799,u0488,h1011,0,1
a1800,u0278,h1018,0,1
a1801,u0748,h1004,0,1
a1802,u0969,h1020,0,1
a1803,u0201,h1021,0,1
a1804,u0188,h1023,0,1
a1805,u0605,h1001,0,1
a1806,u0319,h1003,0,1
a1807,u0518,h1006,0,1
a1808,u0010,h1017,0,1
a1809,u0199,h1008,0,1
a1810,u0559,h1007,0,1
a1811,u0536,h1016,1,0
a1812,u0178,h1017,0,1
a1813,u0434,h1014,1,0
a1814,u0206,h1003,0,1
a1815,u0363,h1003,0,1
a1816,u0330,h1008,0,1
a1817,u0196,h1022,0,1
a1818,u0723,h1017,0,1
a1819,u0917,h1017,0,1
a1820,u0372,h1002,0,1
a1821,u0278,h1023,0,1
a1822,u0514,h1020,0,1
a1823,u0635,h1018,0,1
a1824,u0075,h1008,1,0
a1825,u0016,h1012,0,1
a1826,u0166,h1014,0,1
a1827,u0539,h1021,0,1
a1828,u0090,h1019,1,0
a1829,u0571,h1023,0,1
a1830,u0450,h1004,1,0
a1831,u0174,h1022,0,1
a1832,u0459,h1018,1,0
a1833,u0568,h1007,0,1
a1834,u0861,h1021,1,0
a1835,u0903,h1012,0,1
a1836,u0812,h1008,0,1
a1837,u0840,h1016,1,0
a1838,u0247,h1007,1,0
a1839,u0308,h1004,0,1
a1840,u0222,h1018,0,1
a1841,u0402,h1008,0,1
a1842,u0421,h1017,0,1
a1843,u0645,h1009,1,0
a1844,u0457,h1010,1,0
a1845,u0034,h1006,0,1
a1846,u0231,h1002,0,1
a1847,u0288,h1010,0,1
a1848,u0574,h1004,1,0
a1849,u0876,h1012,0,1
a1850,u0541,h1013,0,1
a1851,u0108,h1002,1,0
a1852,u0251,h1002,0,1
a1853,u0218,h1009,0,1
a1854,u0607,h1015,0,1
a1855,u0192,h1011,1,0
a1856,u0884,h1020,0,1
a1857,u0436,h1023,0,1
a1858,u0050,h1003,1,0
a1859,u0956,h1002,0,1
a1860,u0839,h1013,1,0
a1861,u0296,h1017,1,0
a1862,u0109,h1009,1,0
a1863,u0815,h1009,0,1
a1864,u0447,h1020,0,1
a1865,u0862,h1021,1,0
a1866,u0930,h1016,0,1
a1867,u0776,h1003,0,1
a1868,u0570,h1012,1,0
a1869,u0303,h1014,0,1
a1870,u0983,h1011,0,1
a1871,u0757,h1001,1,0
a1872,u0372,h1005,0,1
a1873,u0990,h1014,0,1
a1874,u0002,h1001,1,0
a1875,u0687,h1011,0,1
a1876,u0625,h1013,0,1
a1877,u0763,h1013,0,1
a1878,u0067,h1006,1,0
a1879,u0733,h1014,0,1
a1880,u0897,h1017,1,0
a1881,u0801,h1022,0,1
a1882,u0729,h1004,0,1
a1883,u0434,h1010,1,0
a1884,u0280,h1011,0,1
a1885,u0393,h1016,0,1
a1886,u0598,h1007,0,1
a1887,u0687,h1018,0,1
a1888,u0805,h1018,1,0
a1889,u0914,h1016,1,0
a1890,u0761,h1014,0,1
a1891,u0618,h1001,0,1
a1892,u0038,h1013,0,1
a1893,u0155,h1008,0,1
a1894,u0144,h1009,0,1
a1895,u0859,h1017,0,1
a1896,u0536,h1018,0,1
a1897,u0855,h1013,0,1
a1898,u0857,h1008,0,1
a1899,u0556,h1021,0,1
a1900,u0548,h1006,1,0
a1901,u0673,h1016,1,0
a1902,u0454,h1009,0,1
a1903,u0311,h1015,0,1
a1904,u0309,h1018,1,0
a1905,u0452,h1014,0,1
a1906,u0411,h1021,0,1
a1907,u0037,h1004,0,1
a1908,u0583,h1008,1,0
a1909,u0002,h1002,0,1
a1910,u0041,h1001,0,1
a1911,u0774,h1018,0,1
a1912,u0409,h1011,1,0
a1913,u0914,h1013,0,1
a1914,u0915,h1004,1,0
a1915,u0090,h1021,0,1
a1916,u0672,h1007,0,1
a1917,u0619,h1009,1,0
a1918,u0488,h1008,0,1
a1919,u0928,h1023,0,1
a1920,u0222,h1015,0,1
a1921,u0242,h1003,0,1
a1922,u0643,h1008,0,1
a1923,u0062,h1023,0,1
a1924,u0254,h1001,1,0
a1925,u0842,h1019,1,0
a1926,u0789,h1020,0,1
a1927,u0155,h1021,1,0
a1928,u0714,h1004,0,1
a1929,u0303,h1018,1,0
a1930,u0190,h1003,1,0
a1931,u0382,h1009,0,1
a1932,u0817,h1001,0,1
a1933,u0334,h1017,0,1
a1934,u0551,h1015,0,1
a1935,u0108,h1003,0,1
a1936,u0296,h1002,0,1
a1937,u0980,h1012,1,0
a1938,u0674,h1002,1,0
a1939,u0363,h1023,0,1
a1940,u0840,h1014,0,1
a1941,u0337,h1013,1,0
a1942,u0751,h1012,1,0
a1943,u0146,h1017,0,1
a1944,u0595,h1004,0,1
a1945,u0909,h1002,1,0
a1946,u0139,h1016,0,1
a1947,u0679,h1019,0,1
a1948,u0944,h1013,1,0
a1949,u0319,h1023,0,1
a1950,u0967,h1008,0,1
a1951,u0569,h1003,0,1
a1952,u0627,h1010,1,0
a1953,u0842,h1006,0,1
a1954,u0485,h1016,0,1
a1955,u0540,h1012,0,1
a1956,u0145,h1001,1,0
a1957,u0241,h1015,1,0
a1958,u0200,h1007,0,1
a1959,u0844,h1001,0,1
a1960,u0307,h1005,0,1
a1961,u0162,h1012,1,0
a1962,u0182,h1005,0,1
a1963,u0150,h1005,0,1
a1964,u0419,h1012,0,1
a1965,u0463,h1002,0,1
a1966,u0574,h1010,0,1
a1967,u0512,h1016,0,1
a1968,u0651,h1015,1,0
a1969,u0858,h1008,1,0
a1970,u0484,h1014,1,0
a1971,u0048,h1019,0,1
a1972,u0724,h1003,1,0
a1973,u0408,h1006,0,1
a1974,u0243,h1009,1,0
a1975,u0991,h1009,0,1
a1976,u0771,h1009,0,1
a1977,u0455,h1022,0,1
a1978,u0133,h1003,1,0
a1979,u0100,h1013,1,0
a1980,u0460,h1016,1,0
a1981,u0672,h1002,0,1
a1982,u0887,h1014,0,1
a1983,u0727,h1007,1,0
a1984,u0026,h1005,0,1
a1985,u0123,h1002,1,0
a1986,u0756,h1007,0,1
a1987,u0276,h1006,1,0
a1988,u0618,h1009,1,0
a1989,u0526,h1006,1,0
a1990,u0298,h1015,0,1
a1991,u0367,h1023,0,1
a1992,u0449,h1014,0,1
a1993,u0552,h1018,1,0
a1994,u0633,h1017,1,0
a1995,u0158,h1010,0,1
a1996,u0215,h1003,1,0
a1997,u0878,h1011,0,1
a1998,u0726,h1001,0,1
a1999,u0384,h1006,1,0
a2000,u0162,h1022,0,1
a2001,u0954,h1010,0,1
a2002,u0175,h1008,0,1
a2003,u0822,h1014,1,0
a2004,u0544,h1008,0,1
a2005,u0162,h1010,0,1
a2006,u0918,h1007,0,1
a2007,u0097,h1015,0,1
a2008,u0330,h1023,0,1
a2009,u0186,h1008,0,1
a2010,u0097,h1015,0,1
a2011,u0943,h1020,1,0
a2012,u0440,h1001,0,1
a2013,u0390,h1008,1,0
a2014,u0139,h1006,0,1
a2015,u0555,h1010,0,1
a2016,u0408,h1003,0,1
a2017,u0096,h1018,1,0
a2018,u0165,h1013,1,0
a2019,u0796,h1011,0,1
a2020,u0551,h1017,0,1
a2021,u0592,h1006,0,1
a2022,u0586,h1005,0,1
a2023,u0322,h1020,0,1
a2024,u0826,h1023,0,1
a2025,u0815,h1012,0,1
a2026,u0559,h1015,0,1
a2027,u0515,h1023,0,1
a2028,u0768,h1017,0,1
a2029,u0539,h1011,0,1
a2030,u0305,h1001,0,1
a2031,u0298,h1015,1,0
a2032,u0314,h1019,0,1
a2033,u0702,h1017,0,1
a2034,u0241,h1016,0,1
a2035,u0882,h1019,0,1
a2036,u0413,h1004,0,1
a2037,u0552,h1020,0,1
a2038,u0442,h1010,1,0
a2039,u0360,h1017,0,1
a2040,u0565,h1008,0,1
a2041,u0809,h1004,1,0
a2042,u0182,h1014,0,1
a2043,u0087,h1023,0,1
a2044,u0533,h1014,0,1
a2045,u0350,h1019,1,0
a2046,u0717,h1006,0,1
a2047,u0208,h1010,1,0
a2048,u0991,h1023,1,0
a2049,u0634,h1002,0,1
a2050,u0698,h1007,1,0
a2051,u0893,h1016,0,1
a2052,u0774,h1016,1,0
a2053,u0588,h1014,1,0
a2054,u0776,h1002,0,1
a2055,u0388,h1023,0,1
a2056,u0395,h1017,0,1
a2057,u0546,h1001,0,1
a2058,u0364,h1021,0,1
a2059,u0716,h1006,1,0
a2060,u0830,h1018,1,0
a2061,u0064,h1007,0,1
a2062,u0895,h1002,0,1
a2063,u0079,h1023,1,0
a2064,u0434,h1022,0,1
a2065,u0848,h1017,0,1
a2066,u0156,h1009,1,0
a2067,u0857,h1001,0,1
a2068,u0350,h1007,0,1
a2069,u0556,h1003,0,1
a2070,u0920,h1002,1,0
a2071,u0315,h1002,1,0
a2072,u0805,h1017,0,1
a2073,u0761,h1004,0,1
a2074,u0100,h1006,0,1
a2075,u0342,h1018,0,1
a2076,u0893,h1020,0,1
a2077,u0400,h1006,0,1
a2078,u0160,h1007,0,1
a2079,u0361,h1018,0,1
a2080,u0964,h1014,1,0
a2081,u0099,h1014,1,0
a2082,u0993,h1011,1,0
a2083,u0442,h1013,1,0
a2084,u0405,h1017,0,1
a2085,u0904,h1008,0,1
a2086,u0810,h1014,0,1
a2087,u0781,h1023,0,1
a2088,u0609,h1003,0,1
a2089,u0007,h1010,0,1
a2090,u0167,h1015,1,0
a2091,u0043,h1019,1,0
a2092,u0651,h1006,1,0
a2093,u0897,h1010,1,0
a2094,u0164,h1014,0,1
a2095,u0483,h1006,0,1
a2096,u0183,h1005,0,1
a2097,u0406,h1005,1,0
a2098,u0395,h1023,0,1
a2099,u0681,h1011,0,1
a2100,u0581,h1008,1,0
a2101,u0024,h1018,0,1
a2102,u0319,h1014,0,1
a2103,u0208,h1004,1,0
a2104,u0676,h1008,0,1
a2105,u0063,h1010,0,1
a2106,u0890,h1021,0,1
a2107,u0209,h1009,0,1
a2108,u0826,h1016,0,1
a2109,u0143,h1001,0,1
a2110,u0410,h1022,1,0
a2111,u0427,h1017,0,1
a2112,u0983,h1007,0,1
a2113,u0982,h1009,0,1
a2114,u0659,h1005,0,1
a2115,u0553,h1023,0,1
a2116,u0592,h1012,0,1
a2117,u0797,h1014,0,1
a2118,u0027,h1001,1,0
a2119,u0807,h1014,1,0
a2120,u0265,h1013,1,0
a2121,u0387,h1015,0,1
a2122,u0127,h1009,0,1
a2123,u0149,h1001,0,1
a2124,u0389,h1011,1,0
a2125,u0384,h1012,0,1
a2126,u0231,h1002,0,1
a2127,u0318,h1001,0,1
a2128,u0339,h1002,0,1
a2129,u0091,h1010,0,1
a2130,u0591,h1005,1,0
a2131,u0559,h1014,1,0
a2132,u0970,h1021,1,0
a2133,u0703,h1013,0,1
a2134,u0652,h1009,0,1
a2135,u0040,h1019,0,1
a2136,u0519,h1011,0,1
a2137,u0985,h1016,1,0
a2138,u0777,h1004,1,0
a2139,u0924,h1017,1,0
a2140,u0588,h1013,0,1
a2141,u0091,h1022,0,1
a2142,u0849,h1001,0,1
a2143,u0086,h1013,0,1
a2144,u0593,h1012,0,1
a2145,u0227,h1017,0,1
a2146,u0310,h1007,1,0
a2147,u0303,h1006,1,0
a2148,u0929,h1008,0,1
a2149,u0691,h1008,1,0
a2150,u0394,h1003,0,1
a2151,u0743,h1021,0,1
a2152,u0135,h1015,0,1
a2153,u0628,h1010,0,1
a2154,u0061,h1002,0,1
a2155,u0055,h1015,0,1
a2156,u0476,h1003,1,0
a2157,u0621,h1016,0,1
a2158,u0839,h1016,0,1
a2159,u0531,h1009,1,0
a2160,u0877,h1004,1,0
a2161,u0667,h1009,0,1
a2162,u0049,h1002,0,1
a2163,u0435,h1003,1,0
a2164,u0060,h1009,0,1
a2165,u0355,h1001,1,0
a2166,u0401,h1009,0,1
a2167,u0336,h1021,0,1
a2168,u0074,h1008,1,0
a2169,u0214,h1021,1,0
a2170,u0002,h1016,1,0
a2171,u0684,h1017,0,1
a2172,u0686,h1023,0,1
a2173,u0491,h1013,1,0
a2174,u0598,h1002,1,0
a2175,u0231,h1020,0,1
a2176,u0155,h1023,0,1
a2177,u0255,h1014,0,1
a2178,u0314,h1020,0,1
a2179,u0932,h1020,1,0
a2180,u0313,h1014,0,1
a2181,u0209,h1020,0,1
a2182,u0892,h1011,0,1
a2183,u0487,h1011,0,1
a2184,u0207,h1012,0,1
a2185,u0786,h1017,1,0
a2186,u0750,h1007,0,1
a2187,u0954,h1007,0,1
a2188,u0065,h1022,0,1
a2189,u0404,h1008,0,1
a2190,u0011,h1023,1,0
a2191,u0552,h1023,0,1
a2192,u0451,h1001,0,1
a2193,u0806,h1017,1,0
a2194,u0164,h1016,0,1
a2195,u0597,h1012,0,1
a2196,u0988,h1007,0,1
a2197,u0872,h1023,0,1
a2198,u0182,h1003,1,0
a2199,u0925,h1007,0,1
a2200,u0079,h1019,0,1
a2201,u0714,h1013,0,1
a2202,u0661,h1017,0,1
a2203,u0532,h1017,0,1
a2204,u0101,h1010,0,1
a2205,u0190,h1021,0,1
a2206,u0397,h1014,0,1
a2207,u0216,h1011,0,1
a2208,u0767,h1014,0,1
a2209,u0531,h1003,1,0
a2210,u0645,h1002,0,1
a2211,u0932,h1003,0,1
a2212,u0300,h1006,0,1
a2213,u0947,h1012,1,0
a2214,u0233,h1003,0,1
a2215,u0350,h1021,0,1
a2216,u0545,h1021,1,0
a2217,u0617,h1013,0,1
a2218,u0618,h1020,0,1
a2219,u0258,h1013,1,0
a2220,u0464,h1016,0,1
a2221,u0227,h1017,0,1
a2222,u0798,h1019,1,0
a2223,u0936,h1001,0,1
a2224,u0339,h1013,0,1
a2225,u0473,h1006,0,1
a2226,u0870,h1003,0,1
a2227,u0700,h1016,0,1
a2228,u0318,h1023,0,1
a2229,u0156,h1013,0,1
a2230,u0574,h1005,0,1
a2231,u0024,h1003,0,1
a2232,u0380,h1009,0,1
a2233,u0935,h1006,0,1
a2234,u0353,h1006,0,1
a2235,u0775,h1015,0,1
a2236,u0584,h1014,0,1
a2237,u0536,h1008,1,0
a2238,u0459,h1001,0,1
a2239,u0686,h1018,0,1
a2240,u0553,h1005,0,1
a2241,u0152,h1007,0,1
a2242,u0908,h1018,0,1
a2243,u0541,h1015,0,1
a2244,u0309,h1011,0,1
a2245,u0556,h1016,1,0
a2246,u0684,h1023,0,1
a2247,u0346,h1010,0,1
a2248,u0605,h1006,0,1
a2249,u0912,h1022,0,1
a2250,u0409,h1005,0,1
a2251,u0823,h1017,0,1
a2252,u0447,h1004,0,1
a2253,u0277,h1016,1,0
a2254,u0841,h1001,0,1
a2255,u0460,h1016,0,1
a2256,u0395,h1018,0,1
a2257,u0111,h1006,0,1
a2258,u0792,h1020,0,1
a2259,u0170,h1004,1,0
a2260,u0862,h1017,0,1
a2261,u0797,h1016,1,0
a2262,u0303,h1007,0,1
a2263,u0416,h1006,0,1
a2264,u0647,h1011,1,0
a2265,u0612,h1019,1,0
a2266,u0140,h1016,0,1
a2267,u0363,h1002,1,0
a2268,u0286,h1021,0,1
a2269,u0841,h1011,0,1
a2270,u0148,h1017,0,1
a2271,u0818,h1019,0,1
a2272,u0662,h1023,1,0
a2273,u0261,h1016,0,1
a2274,u0655,h1006,1,0
a2275,u0901,h1007,1,0
a2276,u0549,h1004,0,1
a2277,u0062,h1022,1,0
a2278,u0917,h1008,1,0
a2279,u0697,h1015,0,1
a2280,u0188,h1022,0,1
a2281,u0317,h1009,0,1
a2282,u0857,h1009,1,0
a2283,u0909,h1019,0,1
a2284,u0029,h1010,1,0
a2285,u0407,h1010,0,1
a2286,u0581,h1008,1,0
a2287,u0052,h1022,0,1
a2288,u0052,h1012,0,1
a2289,u0167,h1007,0,1
a2290,u0559,h1014,0,1
a2291,u0715,h1012,0,1
a2292,u0343,h1007,0,1
a2293,u0019,h1001,1,0
a2294,u0909,h1023,1,0
a2295,u0336,h1010,1,0
a2296,u0629,h1017,0,1
a2297,u0172,h1022,0,1
a2298,u0833,h1007,0,1
a2299,u0503,h1012,0,1
a2300,u0152,h1016,1,0
a2301,u0797,h1015,0,1
a2302,u0978,h1006,0,1
a2303,u0394,h1017,0,1
a2304,u0691,h1002,0,1
a2305,u0169,h1017,0,1
a2306,u0102,h1012,1,0
a2307,u0067,h1011,0,1
a2308,u0426,h1003,1,0
a2309,u0744,h1010,0,1
a2310,u0626,h1001,0,1
a2311,u0663,h1018,0,1
a2312,u0321,h1016,0,1
a2313,u0580,h1022,0,1
a2314,u0988,h1008,0,1
a2315,u0387,h1012,1,0
a2316,u0141,h1009,1,0
a2317,u0592,h1004,0,1
a2318,u0788,h1023,0,1
a2319,u0144,h1008,0,1
a2320,u0494,h1006,0,1
a2321,u0887,h1018,0,1
a2322,u0118,h1015,0,1
a2323,u0488,h1006,0,1
a2324,u0437,h1011,1,0
a2325,u0812,h1007,0,1
a2326,u0242,h1004,0,1
a2327,u0433,h1014,0,1
a2328,u0506,h1023,0,1
a2329,u0233,h1015,0,1
a2330,u0601,h1003,0,1
a2331,u0546,h1002,1,0
a2332,u0273,h1006,1,0
a2333,u0266,h1022,1,0
a2334,u0003,h1015,0,1
a2335,u0649,h1005,0,1
a2336,u0050,h1017,0,1
a2337,u0969,h1022,1,0
a2338,u0931,h1016,0,1
a2339,u0989,h1012,1,0
a2340,u0944,h1012,1,0
a2341,u0194,h1001,0,1
a2342,u0030,h1003,0,1
a2343,u0666,h1016,0,1
a2344,u0221,h1017,0,1
a2345,u0425,h1002,0,1
a2346,u0668,h1021,0,1
a2347,u0853,h1016,1,0
a2348,u0699,h1011,0,1
a2349,u0540,h1003,0,1
a2350,u0234,h1007,0,1
a2351,u0975,h1006,0,1
a2352,u0858,h1012,0,1
a2353,u0117,h1018,0,1
a2354,u0763,h1019,1,0
a2355,u0362,h1005,0,1
a2356,u0802,h1003,0,1
a2357,u0622,h1011,0,1
a2358,u0504,h1015,0,1
a2359,u0420,h1011,0,1
a2360,u0896,h1002,1,0
a2361,u0283,h1002,0,1
a2362,u0692,h1017,0,1
a2363,u0769,h1018,0,1
a2364,u0382,h1011,0,1
a2365,u0849,h1003,0,1
a2366,u0893,h1018,0,1
a2367,u0335,h1014,1,0
a2368,u0212,h1017,0,1
a2369,u0483,h1022,1,0
a2370,u0075,h1022,0,1
a2371,u0541,h1017,0,1
a2372,u0072,h1003,0,1
a2373,u0289,h1002,1,0
a2374,u0250,h1014,1,0
a2375,u0175,h1005,0,1
a2376,u0954,h1018,1,0
a2377,u0433,h1010,1,0
a2378,u0762,h1011,0,1
a2379,u0576,h1006,1,0
a2380,u0651,h1023,1,0
a2381,u0115,h1003,0,1
a2382,u0177,h1013,0,1
a2383,u0697,h1018,1,0
a2384,u0398,h1015,0,1
a2385,u0113,h1022,0,1
a2386,u0909,h1006,0,1
a2387,u0193,h1006,0,1
a2388,u0020,h1012,0,1
a2389,u0201,h1015,0,1
a2390,u0785,h1018,0,1
a2391,u0848,h1014,1,0
a2392,u0307,h1018,0,1
a2393,u0898,h1004,0,1
a2394,u0094,h1022,0,1
a2395,u0561,h1010,0,1
a2396,u0910,h1012,1,0
a2397,u0781,h1019,1,0
a2398,u0950,h1019,1,0
a2399,u0691,h1008,0,1
a2400,u0612,h1022,0,1
a2401,u0070,h1016,0,1
a2402,u0547,h1002,1,0
a2403,u0062,h1016,0,1
a2404,u0460,h1020,0,1
a2405,u0441,h1010,0,1
a2406,u0607,h1014,0,1
a2407,u0811,h1015,1,0
a2408,u0552,h1013,0,1
a2409,u0571,h1007,0,1
a2410,u0581,h1020,0,1
a2411,u0610,h1021,0,1
a2412,u0328,h1001,0,1
a2413,u0163,h1018,0,1
a2414,u0768,h1012,0,1
a2415,u0538,h1014,0,1
a2416,u0456,h1001,0,1
a2417,u0315,h1004,1,0
a2418,u0133,h1002,1,0
a2419,u0192,h1010,0,1
a2420,u0968,h1013,0,1
a2421,u0440,h1023,0,1
a2422,u0672,h1010,0,1
a2423,u0785,h1003,0,1
a2424,u0416,h1019,0,1
a2425,u0350,h1018,0,1
a2426,u0152,h1010,1,0
a2427,u0207,h1018,0,1
a2428,u0903,h1004,1,0
a2429,u0627,h1006,0,1
a2430,u0461,h1017,0,1
a2431,u0096,h1011,0,1
a2432,u0218,h1004,0,1
a2433,u0618,h1015,0,1
a2434,u0789,h1023,0,1
a2435,u0287,h1022,1,0
a2436,u0724,h1005,0,1
a2437,u0157,h1011,0,1
a2438,u0892,h1010,0,1
a2439,u0561,h1010,0,1
a2440,u0591,h1002,0,1
a2441,u0468,h1010,1,0
a2442,u0245,h1014,0,1
a2443,u0275,h1001,0,1
a2444,u0141,h1002,0,1
a2445,u0470,h1010,0,1
a2446,u0983,h1015,0,1
a2447,u0605,h1008,1,0
a2448,u0683,h1011,1,0
a2449,u0060,h1001,1,0
a2450,u0919,h1003,0,1
a2451,u0143,h1014,0,1
a2452,u0285,h1007,0,1
a2453,u0290,h1003,0,1
a2454,u0723,h1006,0,1
a2455,u0204,h1011,1,0
a2456,u0851,h1017,0,1
a2457,u0615,h1006,1,0
a2458,u0998,h1010,0,1
a2459,u0635,h1007,0,1
a2460,u0631,h1008,0,1
a2461,u0701,h1021,0,1
a2462,u0800,h1018,1,0
a2463,u0468,h1018,0,1
a2464,u0396,h1001,1,0
a2465,u0184,h1018,1,0
a2466,u0174,h1023,0,1
a2467,u0698,h1010,1,0
a2468,u0180,h1015,0,1
a2469,u0472,h1001,0,1
a2470,u0167,h1011,0,1
a2471,u0658,h1021,0,1
a2472,u0746,h1003,0,1
a2473,u0475,h1015,1,0
a2474,u0144,h1022,1,0
a2475,u0033,h1004,0,1
a2476,u0192,h1006,1,0
a2477,u0202,h1005,0,1
a2478,u0930,h1018,0,1
a2479,u0842,h1012,1,0
a2480,u0565,h1012,0,1
a2481,u0358,h1009,0,1
a2482,u0484,h1019,0,1
a2483,u0339,h1001,0,1
a2484,u0504,h1021,0,1
a2485,u0560,h1005,1,0
a2486,u0296,h1007,1,0
a2487,u0937,h1010,0,1
a2488,u0764,h1018,0,1
a2489,u0594,h1003,0,1
a2490,u0319,h1004,0,1
a2491,u0995,h1013,1,0
a2492,u0335,h1002,0,1
a2493,u0705,h1023,0,1
a2494,u0748,h1011,0,1
a2495,u0883,h1019,0,1
a2496,u0242,h1016,0,1
a2497,u0461,h1020,0,1
a2498,u0271,h1011,0,1
a2499,u0230,h1011,0,1
a2500,u0236,h1010,0,1
a2501,u0211,h1015,0,1
a2502,u0876,h1009,1,0
a2503,u0663,h1007,1,0
a2504,u0448,h1011,0,1
a2505,u0044,h1014,1,0
a2506,u0619,h1017,1,0
a2507,u0968,h1002,1,0
a2508,u0100,h1012,0,1
a2509,u0546,h1021,1,0
a2510,u0365,h1016,1,0
a2511,u0144,h1012,0,1
a2512,u0431,h1021,0,1
a2513,u0490,h1017,0,1
a2514,u0676,h1014,0,1
a2515,u0652,h1015,0,1
a2516,u0943,h1006,1,0
a2517,u0258,h1014,1,0
a2518,u0440,h1008,0,1
a2519,u0264,h1011,0,1
a2520,u0671,h1016,0,1
a2521,u0779,h1015,0,1
a2522,u0943,h1009,0,1
a2523,u0162,h1008,0,1
a2524,u0761,h1018,0,1
a2525,u0642,h1013,0,1
a2526,u0891,h1019,0,1
a2527,u0969,h1023,1,0
a2528,u0658,h1004,0,1
a2529,u0920,h1007,0,1
a2530,u0351,h1006,0,1
a2531,u0177,h1015,0,1
a2532,u0519,h1021,1,0
a2533,u0173,h1015,1,0
a2534,u0849,h1019,1,0
a2535,u0733,h1005,0,1
a2536,u0642,h1013,1,0
a2537,u0973,h1005,0,1
a2538,u0658,h1009,0,1
a2539,u0477,h1018,0,1
a2540,u0257,h1023,0,1
a2541,u0643,h1019,0,1
a2542,u0084,h1022,0,1
a2543,u0823,h1011,0,1
a2544,u0108,h1008,0,1
a2545,u0743,h1023,1,0
a2546,u0825,h1022,0,1
a2547,u0011,h1023,0,1
a2548,u0363,h1016,0,1
a2549,u0172,h1019,1,0
a2550,u0271,h1021,1,0
a2551,u0819,h1007,0,1
a2552,u0864,h1007,0,1
a2553,u0210,h1020,0,1
a2554,u0878,h1018,1,0
a2555,u0980,h1010,1,0
a2556,u0082,h1013,1,0
a2557,u0556,h1012,0,1
a2558,u0277,h1006,0,1
a2559,u0911,h1006,0,1
a2560,u0367,h1007,0,1
a2561,u0038,h1022,1,0
a2562,u0519,h1020,1,0
a2563,u0630,h1021,1,0
a2564,u0037,h1021,0,1
a2565,u0150,h1023,0,1
a2566,u0822,h1016,0,1
a2567,u0801,h1010,1,0
a2568,u0499,h1006,0,1
a2569,u0013,h1023,0,1
a2570,u0322,h1020,0,1
a2571,u0098,h1023,1,0
a2572,u0389,h1005,0,1
a2573,u0306,h1008,0,1
a2574,u0486,h1002,0,1
a2575,u0822,h1010,0,1
a2576,u0539,h1012,0,1
a2577,u0224,h1005,0,1
a2578,u0776,h1005,1,0
a2579,u0330,h1018,0,1
a2580,u0085,h1013,0,1
a2581,u0599,h1011,1,0
a2582,u0459,h1023,0,1
a2583,u0634,h1001,0,1
a2584,u0351,h1010,0,1
a2585,u0596,h1018,0,1
a2586,u0513,h1005,0,1
a2587,u0406,h1010,1,0
a2588,u0843,h1005,0,1
a2589,u0668,h1009,0,1
a2590,u0507,h1011,0,1
a2591,u0522,h1005,0,1
a2592,u0006,h1006,0,1
a2593,u0754,h1023,0,1
a2594,u0539,h1010,1,0
a2595,u0313,h1019,1,0
a2596,u0404,h1007,0,1
a2597,u0716,h1002,0,1
a2598,u0238,h1011,1,0
a2599,u0913,h1007,0,1
a2600,u0269,h1019,0,1
a2601,u0803,h1011,0,1
a2602,u0039,h1012,0,1
a2603,u0890,h1003,0,1
a2604,u0010,h1010,0,1
a2605,u0648,h1011,0,1
a2606,u0909,h1020,0,1
a2607,u0957,h1009,0,1
a2608,u0169,h1017,1,0
a2609,u0987,h1012,1,0
a2610,u0763,h1021,0,1
a2611,u0765,h1006,0,1
a2612,u0662,h1012,0,1
a2613,u0488,h1014,0,1
a2614,u0417,h1003,0,1
a2615,u0552,h1007,1,0
a2616,u0422,h1021,1,0
a2617,u0153,h1023,0,1
a2618,u0178,h1005,1,0
a2619,u0737,h1016,1,0
a2620,u0959,h1017,1,0
a2621,u0057,h1021,0,1
a2622,u0349,h1017,0,1
a2623,u0591,h1005,0,1
a2624,u0872,h1001,1,0
a2625,u0589,h1020,0,1
a2626,u0724,h1018,0,1
a2627,u0106,h1008,1,0
a2628,u0029,h1015,1,0
a2629,u0350,h1002,1,0
a2630,u0951,h1007,1,0
a2631,u0461,h1003,1,0
a2632,u0359,h1002,0,1
a2633,u0400,h1022,1,0
a2634,u0076,h1008,1,0
a2635,u0636,h1005,0,1
a2636,u0911,h1018,0,1
a2637,u0732,h1006,0,1
a2638,u0693,h1007,0,1
a2639,u0822,h1005,0,1
a2640,u0013,h1020,0,1
a2641,u0935,h1022,0,1
a2642,u0762,h1009,0,1
a2643,u0924,h1020,0,1
a2644,u0862,h1018,1,0
a2645,u0870,h1001,0,1
a2646,u0461,h1009,0,1
a2647,u0845,h1004,0,1
a2648,u0768,h1017,0,1
a2649,u0043,h1014,0,1
a2650,u0224,h1016,1,0
a2651,u0197,h1010,1,0
a2652,u0430,h1013,1,0
a2653,u0078,h1014,0,1
a2654,u0454,h1010,0,1
a2655,u0012,h1002,1,0
a2656,u0940,h1003,1,0
a2657,u0271,h1021,0,1
a2658,u0669,h1002,1,0
a2659,u0095,h1009,0,1
a2660,u0213,h1003,0,1
a2661,u0506,h1003,1,0
a2662,u0886,h1021,0,1
a2663,u0011,h1001,1,0
a2664,u0977,h1001,0,1
a2665,u0823,h1019,0,1
a2666,u0799,h1021,1,0
a2667,u0886,h1009,1,0
a2668,u0625,h1019,0,1
a2669,u0308,h1016,0,1
a2670,u0024,h1012,0,1
a2671,u0730,h1021,0,1
a2672,u0568,h1018,0,1
a2673,u0920,h1014,0,1
a2674,u0881,h1018,0,1
a2675,u0960,h1012,0,1
a2676,u0383,h1012,0,1
a2677,u0840,h1010,0,1
a2678,u0682,h1012,0,1
a2679,u0686,h1023,0,1
a2680,u0202,h1012,0,1
a2681,u0325,h1020,0,1
a2682,u0224,h1009,0,1
a2683,u0743,h1011,0,1
a2684,u0549,h1002,0,1
a2685,u0242,h1015,0,1
a2686,u0695,h1004,0,1
a2687,u0011,h1019,1,0
a2688,u0107,h1015,0,1
a2689,u0624,h1018,1,0
a2690,u0914,h1004,0,1
a2691,u0785,h1009,1,0
a2692,u0767,h1007,0,1
a2693,u0464,h1002,0,1
a2694,u0626,h1011,1,0
a2695,u0221,h1009,0,1
a2696,u0338,h1015,1,0
a2697,u0038,h1018,1,0
a2698,u0870,h1012,1,0
a2699,u0087,h1011,1,0
a2700,u0489,h1018,1,0
a2701,u0262,h1020,1,0
a2702,u0020,h1015,1,0
a2703,u0776,h1012,0,1
a2704,u0743,h1006,0,1
a2705,u0270,h1020,1,0
a2706,u0628,h1004,0,1
a2707,u0849,h1006,0,1
a2708,u0864,h1023,0,1
a2709,u0018,h1006,0,1
a2710,u0942,h1003,0,1
a2711,u0751,h1022,0,1
a2712,u0734,h1001,0,1
a2713,u0774,h1016,0,1
a2714,u0677,h1009,1,0
a2715,u0236,h1008,1,0
a2716,u0739,h1013,0,1
a2717,u0682,h1015,1,0
a2718,u0902,h1012,0,1
a2719,u0555,h1002,1,0
a2720,u0789,h1017,1,0
a2721,u0461,h1015,1,0
a2722,u0886,h1018,0,1
a2723,u0358,h1007,0,1
a2724,u0376,h1021,0,1
a2725,u0740,h1014,0,1
a2726,u0984,h1023,0,1
a2727,u0964,h1012,0,1
a2728,u0036,h1014,0,1
a2729,u0267,h1012,0,1
a2730,u0500,h1007,0,1
a2731,u0782,h1004,0,1
a2732,u0145,h1002,1,0
a2733,u0246,h1019,0,1
a2734,u0982,h1008,0,1
a2735,u0602,h1018,0,1
a2736,u0311,h1016,0,1
a2737,u0243,h1004,0,1
a2738,u0477,h1022,0,1
a2739,u0981,h1011,0,1
a2740,u0523,h1020,1,0
a2741,u0464,h1011,0,1
a2742,u0708,h1005,1,0
a2743,u0366,h1011,0,1
a2744,u0425,h1003,1,0
a2745,u0005,h1022,0,1
a2746,u0239,h1013,1,0
a2747,u0061,h1007,1,0
a2748,u0433,h1018,0,1
a2749,u0565,h1016,1,0
a2750,u0882,h1016,0,1
a2751,u0083,h1015,0,1
a2752,u0652,h1012,1,0
a2753,u0639,h1008,0,1
a2754,u0407,h1005,0,1
a2755,u0119,h1020,1,0
a2756,u0895,h1019,0,1
a2757,u0870,h1012,0,1
a2758,u0123,h1022,1,0
a2759,u0355,h1001,1,0
a2760,u0740,h1020,0,1
a2761,u0765,h1007,1,0
a2762,u0863,h1005,0,1
a2763,u0215,h1003,0,1
a2764,u0973,h1015,0,1
a2765,u0377,h1018,1,0
a2766,u0499,h1014,1,0
a2767,u0506,h1004,0,1
a2768,u0941,h1023,0,1
a2769,u0619,h1019,0,1
a2770,u0903,h1010,0,1
a2771,u0835,h1005,0,1
a2772,u0352,h1010,0,1
a2773,u0072,h1022,0,1
a2774,u0878,h1015,0,1
a2775,u0978,h1009,0,1
a2776,u0643,h1003,1,0
a2777,u0909,h1022,0,1
a2778,u0351,h1021,0,1
a2779,u0716,h1009,0,1
a2780,u0391,h1002,0,1
a2781,u0710,h1005,0,1
a2782,u0487,h1020,1,0
a2783,u0267,h1015,0,1
a2784,u0323,h1004,0,1
a2785,u0906,h1005,0,1
a2786,u0372,h1019,1,0
a2787,u0752,h1022,1,0
a2788,u0379,h1014,1,0
a2789,u0148,h1020,1,0
a2790,u0393,h1002,0,1
a2791,u0209,h1001,0,1
a2792,u0066,h1023,1,0
a2793,u0339,h1007,0,1
a2794,u0503,h1013,0,1
a2795,u0599,h1008,0,1
a2796,u0355,h1011,1,0
a2797,u0783,h1007,1,0
a2798,u0233,h1006,0,1
a2799,u0179,h1017,0,1
a2800,u0459,h1023,1,0
a2801,u0071,h1018,0,1
a2802,u0267,h1018,0,1
a2803,u0162,h1009,0,1
a2804,u0006,h1020,0,1
a2805,u0557,h1020,1,0
a2806,u0142,h1020,0,1
a2807,u0040,h1013,0,1
a2808,u0444,h1008,0,1
a2809,u0824,h1015,0,1
a2810,u0849,h1008,0,1
a2811,u0438,h1008,0,1
a2812,u0890,h1009,0,1
a2813,u0245,h1014,0,1
a2814,u0947,h1010,1,0
a2815,u0799,h1021,0,1
a2816,u0853,h1017,0,1
a2817,u0600,h1011,0,1
a2818,u0561,h1017,0,1
a2819,u0945,h1016,1,0
a2820,u0291,h1021,1,0
a2821,u0533,h1001,0,1
a2822,u0291,h1018,1,0
a2823,u0736,h1007,1,0
a2824,u0314,h1010,1,0
a2825,u0662,h1001,0,1
a2826,u0626,h1017,0,1
a2827,u0583,h1012,1,0
a2828,u0973,h1009,0,1
a2829,u0159,h1003,1,0
a2830,u0201,h1001,0,1
a2831,u0556,h1008,0,1
a2832,u0349,h1015,1,0
a2833,u0551,h1009,0,1
a2834,u0793,h1013,1,0
a2835,u0073,h1023,0,1
a2836,u0883,h1009,0,1
a2837,u0575,h1013,0,1
a2838,u0302,h1004,0,1
a2839,u0528,h1023,0,1
a2840,u0319,h1007,1,0
a2841,u0291,h1012,0,1
a2842,u0239,h1021,0,1
a2843,u0899,h1003,0,1
a2844,u0104,h1005,1,0
a2845,u0067,h1019,0,1
a2846,u0151,h1012,1,0
a2847,u0604,h1001,0,1
a2848,u0462,h1019,0,1
a2849,u0224,h1023,1,0
a2850,u0370,h1002,0,1
a2851,u0545,h1017,0,1
a2852,u0648,h1019,0,1
a2853,u0604,h1016,0,1
a2854,u0660,h1023,0,1
a2855,u0781,h1013,1,0
a2856,u0179,h1016,1,0
a2857,u0141,h1010,0,1
a2858,u0788,h1008,0,1
a2859,u0268,h1013,0,1
a2860,u0530,h1004,1,0
a2861,u0493,h1009,0,1
a2862,u0416,h1010,0,1
a2863,u0340,h1019,0,1
a2864,u0939,h1001,0,1
a2865,u0297,h1003,1,0
a2866,u0515,h1019,0,1
a2867,u0465,h1001,1,0
a2868,u0806,h1017,0,1
a2869,u0556,h1023,1,0
a2870,u0926,h1003,0,1
a2871,u0145,h1008,0,1
a2872,u0385,h1021,0,1
a2873,u0348,h1014,0,1
a2874,u0628,h1012,0,1
a2875,u0307,h1023,0,1
a2876,u0791,h1013,0,1
a2877,u0581,h1006,0,1
a2878,u0544,h1021,1,0
a2879,u0411,h1017,0,1
a2880,u0830,h1017,0,1
a2881,u0742,h1020,0,1
a2882,u0337,h1009,0,1
a2883,u0008,h1011,1,0
a2884,u0103,h1014,0,1
a2885,u0355,h1011,1,0
a2886,u0371,h1011,0,1
a2887,u0316,h1005,1,0
a2888,u0518,h1016,0,1
a2889,u0030,h1013,0,1
a2890,u0004,h1014,1,0
a2891,u0065,h1012,0,1
a2892,u0943,h1021,0,1
a2893,u0539,h1015,0,1
a2894,u0395,h1005,0,1
a2895,u0469,h1010,0,1
a2896,u0888,h1006,0,1
a2897,u0726,h1012,1,0
a2898,u0685,h1005,0,1
a2899,u0095,h1003,0,1
a2900,u0232,h1008,0,1
a2901,u0492,h1004,1,0
a2902,u0589,h1006,0,1
a2903,u0028,h1019,0,1
a2904,u0534,h1005,0,1
a2905,u0475,h1022,0,1
a2906,u0638,h1002,0,1
a2907,u0491,h1021,1,0
a2908,u0607,h1006,0,1
a2909,u0084,h1011,0,1
a2910,u0407,h1009,0,1
a2911,u0876,h1006,0,1
a2912,u0488,h1004,0,1
a2913,u0138,h1021,1,0
a2914,u0444,h1007,0,1
a2915,u0883,h1017,0,1
a2916,u0613,h1017,0,1
a2917,u0660,h1015,0,1
a2918,u0933,h1003,0,1
a2919,u0621,h1013,0,1
a2920,u0248,h1014,0,1
a2921,u0753,h1018,1,0
a2922,u0936,h1022,0,1
a2923,u0768,h1020,0,1
a2924,u0874,h1013,0,1
a2925,u0072,h1015,1,0
a2926,u0148,h1017,0,1
a2927,u0185,h1018,0,1
a2928,u0615,h1020,1,0
a2929,u0627,h1008,1,0
a2930,u0039,h1005,0,1
a2931,u0928,h1009,1,0
a2932,u0049,h1019,1,0
a2933,u0147,h1020,0,1
a2934,u0968,h1013,0,1
a2935,u0247,h1018,0,1
a2936,u0352,h1013,0,1
a2937,u0227,h1023,0,1
a2938,u0339,h1009,0,1
a2939,u0819,h1004,0,1
a2940,u0984,h1021,1,0
a2941,u0051,h1012,0,1
a2942,u0294,h1023,1,0
a2943,u0556,h1019,0,1
a2944,u0615,h1012,1,0
a2945,u0333,h1022,0,1
a2946,u0666,h1019,1,0
a2947,u0415,h1001,0,1
a2948,u0323,h1016,0,1
a2949,u0588,h1019,1,0
a2950,u0794,h1006,1,0
a2951,u0899,h1023,0,1
a2952,u0067,h1019,0,1
a2953,u0863,h1015,1,0
a2954,u0457,h1001,0,1
a2955,u0575,h1022,0,1
a2956,u0488,h1020,1,0
a2957,u0782,h1016,0,1
a2958,u0480,h1008,1,0
a2959,u0917,h1001,0,1
a2960,u0020,h1005,0,1
a2961,u0329,h1019,0,1
a2962,u0122,h1016,0,1
a2963,u0679,h1009,1,0
a2964,u0665,h1016,0,1
a2965,u0097,h1019,0,1
a2966,u0878,h1018,0,1
a2967,u0575,h1013,0,1
a2968,u0695,h1003,0,1
a2969,u0686,h1015,0,1
a2970,u0412,h1012,0,1
a2971,u0235,h1018,1,0
a2972,u0614,h1019,0,1
a2973,u0891,h1017,0,1
a2974,u0618,h1004,0,1
a2975,u0746,h1014,1,0
a2976,u0724,h1018,0,1
a2977,u0291,h1015,1,0
a2978,u0250,h1021,1,0
a2979,u0929,h1021,1,0
a2980,u0715,h1022,1,0
a2981,u0013,h1016,1,0
a2982,u0826,h1021,0,1
a2983,u0973,h1017,1,0
a2984,u0498,h1013,0,1
a2985,u0926,h1019,1,0
a2986,u0516,h1012,0,1
a2987,u0844,h1020,0,1
a2988,u0481,h1005,1,0
a2989,u0443,h1009,0,1
a2990,u0838,h1015,1,0
a2991,u0317,h1019,0,1
a2992,u0945,h1009,1,0
a2993,u0322,h1006,0,1
a2994,u0726,h1012,0,1
a2995,u0397,h1006,0,1
a2996,u0229,h1010,0,1
a2997,u0594,h1013,0,1
a2998,u0289,h1002,1,0
a2999,u0004,h1015,0,1
a3000,u0027,h1020,1,0
